{"metadata": {"datasetIds": [{"sourceName": "B2Share", "identifier": "https://doi.org/10.23728/b2share.61c4fc815b044ed2a80321fef27c7d32", "type": "DOI"}], "titles": [{"language": "eng", "text": "Torgnon - GPP monthly (2017-2019)"}], "descriptions": [{"type": "Abstract", "language": "eng", "description": "Abstract: 30-day Gross Primary Productivity (GPP) estimated across the grassland of Torgnon, Italy.\r\n\r\nMethods: The GPP maps are based on an empirical model that integrates and linearly correlate the RS-based vegetation index derived from Sentinel-2 images and in situ measurements of environmental variable with in situ measurements of GPP.\r\n\r\nFor detailed information about the methodology:\r\nSpinosa, Anna, Mario Alberto Fuentes-Monjaraz, and Ghada El Serafy. 2023. \"Assessing the Use of Sentinel-2 Data for Spatio-Temporal Upscaling of Flux Tower Gross Primary Productivity Measurements\" Remote Sensing 15, no. 3: 562. \r\n\r\nTechnicalInfo: 15-day and 30-day maps from April 2017 to December 2019."}], "keywords": ["eLTER", {"name": "monthly", "url": ""}, {"name": "WCS", "url": ""}, {"name": "ImageMosaic", "url": ""}, {"name": "variable: GPP", "url": ""}, {"name": "https://doi.org/10.23728/b2share.61c4fc815b044ed2a80321fef27c7d32", "url": ""}], "publicationDate": "2024-12-03", "language": "english", "SOReference": null, "authors": null, "licenses": [{"name": "CC BY 4.0", "url": "https://creativecommons.org/licenses/by/4.0/deed.en"}], "geoLocations": [{"EX_GeographicDescription": "Torgnon grassland Tellinod (IT19 Aosta Valley) - Italy", "Point": {"longitude": 7.578232652596489, "latitude": 45.84435271517042}}, {"EX_GeographicDescription": "Torgnon grassland Tellinod (IT19 Aosta Valley) - Italy", "EX_GeographicBoundingBox": {"westBoundLongitude": 7.514048025546149, "eastBoundLongitude": 7.642417279646828, "southBoundLatitude": 45.79943695096445, "northBoundLatitude": 45.8892684793764}}], "temporalCoverages": [{"startDate": "2017-01-01", "endDate": "2019-12-31"}], "geoServerInfo": {"serviceType": "WMS", "mapData": [{"path": "https://spatialnode.elter.cerit-sc.cz/geoserver/ows?version=1.3.0", "epsgCode": "4326", "type": "POLYGON", "features": {"name": "eshape:torgnon_gpp_monthly", "label": "Torgnon - GPP monthly (2017-2019)", "style": {"colour": "#000000"}}, "bytetype": false}]}, "project": {"name": "e-shape", "PID": "https://doi.org/10.3030/820852"}, "siteReference": [{"name": "Torgnon grassland Tellinod (IT19 Aosta Valley) - Italy", "PID": "a03ef869-aa6f-49cf-8e86-f791ee482ca9"}]}, "files": {"enabled": false}}