{"metadata": {"datasetIds": [{"sourceName": "B2Share", "identifier": "https://doi.org/10.23728/b2share.ec4fa718a1a1482cae299268615668f0", "type": "DOI"}], "titles": [{"language": "eng", "text": "LTSER Zone Atelier Alpes - Phenology POSD (2019)"}], "descriptions": [{"type": "Abstract", "language": "eng", "description": "Day of peak of season (POSD). The phenology product was generated from Sentinel-2 Level-2A from Normalized Difference Vegetation Index (NDVI) time-series of year 2019. The units are day of year (DOY) where DOY = day-of-year (Jan 1st = 0, Dec 31st = 365)."}], "keywords": ["eLTER", {"name": "WCS", "url": ""}, {"name": "GeoTIFF", "url": ""}, {"name": "Phenology", "url": "https://vocabs.lter-europe.net/EnvThes/21647"}, {"name": "subvariable: POSD", "url": ""}, {"name": "https://doi.org/10.23728/b2share.ec4fa718a1a1482cae299268615668f0", "url": ""}], "publicationDate": "2024-12-03", "language": "english", "SOReference": null, "authors": [{"fullName": "Saverio Vicario", "givenName": "Saverio", "familyName": "Vicario", "email": "saverio.vicario@iia.cnr.it", "type": "ContactPerson", "ids": [{"id": "https://orcid.org/0000-0003-1140-0483", "schema": "Orcid"}]}], "licenses": [{"name": "CC BY 4.0", "url": "https://creativecommons.org/licenses/by/4.0/deed.en"}], "geoLocations": [{"EX_GeographicDescription": "LTSER Zone Atelier Alpes - France", "Point": {"longitude": 6.137135093500967, "latitude": 43.822138614501554}}, {"EX_GeographicDescription": "LTSER Zone Atelier Alpes - France", "EX_GeographicBoundingBox": {"westBoundLongitude": 5.526120657433629, "eastBoundLongitude": 6.7481495295683045, "southBoundLatitude": 43.4312119081411, "northBoundLatitude": 44.213065320862}}], "temporalCoverages": [{"startDate": "2019-01-01", "endDate": "2019-12-31"}], "geoServerInfo": {"serviceType": "WMS", "mapData": [{"path": "https://spatialnode.elter.cerit-sc.cz/geoserver/ows?version=1.3.0", "epsgCode": "32631", "type": "POLYGON", "features": {"name": "eshape:LTSERZoneAtelierAlpes_Phenology_POSD_2019", "label": "LTSER Zone Atelier Alpes - Phenology POSD (2019)", "style": {"colour": "#000000"}}, "bytetype": false}]}, "project": {"name": "e-shape", "PID": "https://doi.org/10.3030/820852"}, "siteReference": [{"name": "LTSER Zone Atelier Alpes - France", "PID": "79d6c1df-570f-455f-a929-6cfe5c4ca1e9"}]}, "files": {"enabled": false}}