{"metadata": {"datasetIds": [{"sourceName": "B2Share", "identifier": "https://doi.org/10.23728/b2share.5919b9ca10044e64aef836f448d69a3e", "type": "DOI"}], "titles": [{"language": "eng", "text": "Svartberget - Snowcover (2019-2020)"}], "descriptions": [{"type": "Abstract", "language": "eng", "description": "Sentinel-2 Snow Cover Extent (SCE) is obtained by applying the methodology reported in https://doi.org/10.3390/rs13101957. The final output consists of 20 m resolution raster masks in GeoTIFF format\r\nwith: 0, No snow; 100, Snow; 205, Cloud; 254, No Data."}], "keywords": ["eLTER", {"name": "WCS", "url": ""}, {"name": "ImageMosaic", "url": ""}, {"name": "snowCover", "url": "https://vocabs.lter-europe.net/EnvThes/21559"}, {"name": "https://doi.org/10.23728/b2share.5919b9ca10044e64aef836f448d69a3e", "url": ""}], "publicationDate": "2024-12-03", "language": "english", "SOReference": null, "authors": [{"fullName": "Maria Adamo", "givenName": "Maria", "familyName": "Adamo", "type": "ContactPerson", "email": "adamo@iia.cnr.it", "ids": [{"id": "https://orcid.org/0000-0003-3030-4884", "schema": "Orcid"}]}, {"fullName": "Chiara Richiardi", "givenName": "Chiara", "familyName": "Richiardi", "type": "ContactPerson", "email": "chiara.richiardi@iia.cnr.it", "ids": [{"id": "https://orcid.org/0000-0002-2370-7768", "schema": "Orcid"}]}], "licenses": [{"name": "CC BY 4.0", "url": "https://creativecommons.org/licenses/by/4.0/deed.en"}], "geoLocations": [{"EX_GeographicDescription": "Svartberget Research Station - Sweden", "Point": {"longitude": 19.495157202577964, "latitude": 64.22269427751141}}, {"EX_GeographicDescription": "Svartberget Research Station - Sweden", "EX_GeographicBoundingBox": {"westBoundLongitude": 19.078006189511996, "eastBoundLongitude": 19.912308215643936, "southBoundLatitude": 64.03344833706676, "northBoundLatitude": 64.41194021795606}}], "temporalCoverages": [{"startDate": "2019-01-01", "endDate": "2020-12-31"}], "geoServerInfo": {"serviceType": "WMS", "mapData": [{"path": "https://spatialnode.elter.cerit-sc.cz/geoserver/ows?version=1.3.0", "epsgCode": "32634", "type": "POLYGON", "features": {"name": "eshape:svartberget_snowcover", "label": "Svartberget - Snowcover (2019-2020)", "style": {"colour": "#000000"}}, "bytetype": false}]}, "project": {"name": "e-shape", "PID": "https://doi.org/10.3030/820852"}, "siteReference": [{"name": "Svartberget Research Station - Sweden", "PID": "c0705d0f-92c1-4964-a345-38c0be3113e1"}]}, "files": {"enabled": false}}