{"metadata": {"datasetIds": [{"sourceName": "B2Share", "identifier": "https://doi.org/10.23728/b2share.8d628873b8c147f09a3b74090ff65b08", "type": "DOI"}], "titles": [{"language": "eng", "text": "TERENO Harz Central German Lowland - Snowcover (2019-2020)"}], "descriptions": [{"type": "Abstract", "language": "eng", "description": "Sentinel-2 Snow Cover Extent (SCE) is obtained by applying the methodology reported in https://doi.org/10.3390/rs13101957. The final output consists of 20 m resolution raster masks in GeoTIFF format\r\nwith: 0, No snow; 100, Snow; 205, Cloud; 254, No Data."}], "keywords": ["eLTER", {"name": "WCS", "url": ""}, {"name": "ImageMosaic", "url": ""}, {"name": "snowCover", "url": "https://vocabs.lter-europe.net/EnvThes/21559"}, {"name": "https://doi.org/10.23728/b2share.8d628873b8c147f09a3b74090ff65b08", "url": ""}], "publicationDate": "2024-12-03", "language": "english", "SOReference": null, "authors": [{"fullName": "Maria Adamo", "givenName": "Maria", "familyName": "Adamo", "type": "ContactPerson", "email": "adamo@iia.cnr.it", "ids": [{"id": "https://orcid.org/0000-0003-3030-4884", "schema": "Orcid"}]}, {"fullName": "Chiara Richiardi", "givenName": "Chiara", "familyName": "Richiardi", "type": "ContactPerson", "email": "chiara.richiardi@iia.cnr.it", "ids": [{"id": "https://orcid.org/0000-0002-2370-7768", "schema": "Orcid"}]}], "licenses": [{"name": "CC BY 4.0", "url": "https://creativecommons.org/licenses/by/4.0/deed.en"}], "geoLocations": [{"EX_GeographicDescription": "TERENO Harz/Central German Lowland LTER - Germany", "Point": {"longitude": 11.360119449184, "latitude": 51.79198658096061}}, {"EX_GeographicDescription": "TERENO Harz/Central German Lowland LTER - Germany", "EX_GeographicBoundingBox": {"westBoundLongitude": 10.72637455311553, "eastBoundLongitude": 11.993864345252469, "southBoundLatitude": 51.326474838444035, "northBoundLatitude": 52.25749832347718}}], "temporalCoverages": [{"startDate": "2019-01-01", "endDate": "2020-12-31"}], "geoServerInfo": {"serviceType": "WMS", "mapData": [{"path": "https://spatialnode.elter.cerit-sc.cz/geoserver/ows?version=1.3.0", "epsgCode": "32632", "type": "POLYGON", "features": {"name": "eshape:terenoharzcentralgerman_snowcover", "label": "TERENO Harz Central German Lowland - Snowcover (2019-2020)", "style": {"colour": "#000000"}}, "bytetype": false}]}, "project": {"name": "e-shape", "PID": "https://doi.org/10.3030/820852"}, "siteReference": [{"name": "TERENO Harz/Central German Lowland LTER - Germany", "PID": "d6ce4453-17a8-49d8-9c02-caae8b6629a6"}]}, "files": {"enabled": false}}