{"metadata": {"datasetIds": [{"sourceName": "B2Share", "identifier": "https://doi.org/10.23728/b2share.58dde320216e41a5a97b8f4b287efb4b", "type": "DOI"}], "titles": [{"language": "eng", "text": "Braila - Phenology EOSV (2019)"}], "descriptions": [{"type": "Abstract", "language": "eng", "description": "Vegetation Index value at EOSD. The phenology product was generated from Sentinel-2 Level-2A from Normalized Difference Vegetation Index (NDVI) time-series of year 2019."}], "keywords": ["eLTER", {"name": "WCS", "url": ""}, {"name": "GeoTIFF", "url": ""}, {"name": "Phenology", "url": "https://vocabs.lter-europe.net/EnvThes/21647"}, {"name": "subvariable: EOSV", "url": ""}, {"name": "https://doi.org/10.23728/b2share.58dde320216e41a5a97b8f4b287efb4b", "url": ""}], "publicationDate": "2024-12-03", "language": "english", "SOReference": null, "authors": [{"fullName": "Saverio Vicario", "givenName": "Saverio", "familyName": "Vicario", "email": "saverio.vicario@iia.cnr.it", "type": "ContactPerson", "ids": [{"id": "https://orcid.org/0000-0003-1140-0483", "schema": "Orcid"}]}], "licenses": [{"name": "CC BY 4.0", "url": "https://creativecommons.org/licenses/by/4.0/deed.en"}], "geoLocations": [{"EX_GeographicDescription": "Braila Islands - Romania", "Point": {"longitude": 28.020201624894582, "latitude": 44.88887488208617}}, {"EX_GeographicDescription": "Braila Islands - Romania", "EX_GeographicBoundingBox": {"westBoundLongitude": 27.643992076646786, "eastBoundLongitude": 28.39641117314238, "southBoundLatitude": 44.625761173601425, "northBoundLatitude": 45.15198859057091}}], "temporalCoverages": [{"startDate": "2019-01-01", "endDate": "2019-12-31"}], "geoServerInfo": {"serviceType": "WMS", "mapData": [{"path": "https://spatialnode.elter.cerit-sc.cz/geoserver/ows?version=1.3.0", "epsgCode": "32635", "type": "POLYGON", "features": {"name": "eshape:Braila Islands_Phenology_EOSV_2019", "label": "Braila - Phenology EOSV (2019)", "style": {"colour": "#000000"}}, "bytetype": false}]}, "project": {"name": "e-shape", "PID": "https://doi.org/10.3030/820852"}, "siteReference": [{"name": "Braila Islands - Romania", "PID": "d4854af8-9d9f-42a2-af96-f1ed9cb25712"}]}, "files": {"enabled": false}}