{"metadata": {"datasetIds": [{"sourceName": "B2Share", "identifier": "https://doi.org/10.23728/b2share.acfee71051b74269b15842f6df08fbfa", "type": "DOI"}], "titles": [{"language": "eng", "text": "LTSER Dutch Wadden Sea - Hydroperiod (2017-2018)"}], "descriptions": [{"type": "Abstract", "language": "eng", "description": "The annual hydroperiod is generated from a series of inundation maps (derived from EO data) by interpolating the inundation status per pixel as follows: if a pixel is inundated at two sequential (selected) dates, then it is assumed inundated for n-days, but n/2 days otherwise. The total number of days of inundation is determined by accumulating the pairwise derived results for all assessed date-pairs within a year."}], "keywords": ["eLTER", {"name": "WCS", "url": ""}, {"name": "GeoTIFF", "url": ""}, {"name": "Hydroperiod", "url": ""}, {"name": "https://doi.org/10.23728/b2share.acfee71051b74269b15842f6df08fbfa", "url": ""}], "publicationDate": "2024-12-03", "language": "english", "SOReference": null, "authors": [{"fullName": "Ioannis Manakos", "givenName": "Ioannis", "familyName": "Manakos", "email": "imanakos@iti.gr", "type": "ContactPerson", "ids": [{"id": "https://orcid.org/0000-0001-6833-294X", "schema": "Orcid"}]}], "licenses": [{"name": "CC BY 4.0", "url": "https://creativecommons.org/licenses/by/4.0/deed.en"}], "geoLocations": [{"EX_GeographicDescription": "LTSER Dutch Wadden Sea Area - Netherlands", "Point": {"longitude": 6.415143717334422, "latitude": 53.0241433156438}}, {"EX_GeographicDescription": "LTSER Dutch Wadden Sea Area - Netherlands", "EX_GeographicBoundingBox": {"westBoundLongitude": 5.98629362100347, "eastBoundLongitude": 6.843993813665374, "southBoundLatitude": 52.84368773914444, "northBoundLatitude": 53.20459889214316}}], "temporalCoverages": [{"startDate": "2017-01-01", "endDate": "2018-12-31"}], "geoServerInfo": {"serviceType": "WMS", "mapData": [{"path": "https://spatialnode.elter.cerit-sc.cz/geoserver/ows?version=1.3.0", "epsgCode": "32631", "type": "POLYGON", "features": {"name": "eshape:ltserdutchwaddensea_hydroperiod_2017_2018", "label": "LTSER Dutch Wadden Sea - Hydroperiod (2017-2018)", "style": {"colour": "#000000"}}, "bytetype": false}]}, "project": {"name": "e-shape", "PID": "https://doi.org/10.3030/820852"}, "siteReference": [{"name": "LTSER Dutch Wadden Sea Area - Netherlands", "PID": "fcbf044b-20e2-4e87-894d-10bfe6e3a7ac"}]}, "files": {"enabled": false}}