{"metadata": {"datasetIds": [{"sourceName": "B2Share", "identifier": "https://doi.org/10.23728/b2share.1bd8c763c4524168aecafad6d941c5c0", "type": "DOI"}], "titles": [{"language": "eng", "text": "Kerkini Lake - Hydroperiod (2016-2017)"}], "descriptions": [{"type": "Abstract", "language": "eng", "description": "The annual hydroperiod is generated from a series of inundation maps (derived from EO data) by interpolating the inundation status per pixel as follows: if a pixel is inundated at two sequential (selected) dates, then it is assumed inundated for n-days, but n/2 days otherwise. The total number of days of inundation is determined by accumulating the pairwise derived results for all assessed date-pairs within a year."}], "keywords": ["eLTER", {"name": "WCS", "url": ""}, {"name": "GeoTIFF", "url": ""}, {"name": "Hydroperiod", "url": ""}, {"name": "https://doi.org/10.23728/b2share.1bd8c763c4524168aecafad6d941c5c0", "url": ""}], "publicationDate": "2024-12-03", "language": "english", "SOReference": null, "authors": [{"fullName": "Ioannis Manakos", "givenName": "Ioannis", "familyName": "Manakos", "email": "imanakos@iti.gr", "type": "ContactPerson", "ids": [{"id": "https://orcid.org/0000-0001-6833-294X", "schema": "Orcid"}]}], "licenses": [{"name": "CC BY 4.0", "url": "https://creativecommons.org/licenses/by/4.0/deed.en"}], "geoLocations": [{"EX_GeographicDescription": "Lake Kerkini National Park - Greece", "Point": {"longitude": 23.149696643978103, "latitude": 41.258212193657485}}, {"EX_GeographicDescription": "Lake Kerkini National Park - Greece", "EX_GeographicBoundingBox": {"westBoundLongitude": 22.861335656848976, "eastBoundLongitude": 23.43805763110723, "southBoundLatitude": 41.109748102748384, "northBoundLatitude": 41.40667628456658}}], "temporalCoverages": [{"startDate": "2016-01-01", "endDate": "2017-12-31"}], "geoServerInfo": {"serviceType": "WMS", "mapData": [{"path": "https://spatialnode.elter.cerit-sc.cz/geoserver/ows?version=1.3.0", "epsgCode": "32634", "type": "POLYGON", "features": {"name": "eshape:kerkini_hydroperiod_2016_2017", "label": "Kerkini Lake - Hydroperiod (2016-2017)", "style": {"colour": "#000000"}}, "bytetype": false}]}, "project": {"name": "e-shape", "PID": "https://doi.org/10.3030/820852"}, "siteReference": [{"name": "Lake Kerkini National Park - Greece", "PID": "a3b78a8e-1ac6-4186-bd09-f721de2590f8"}]}, "files": {"enabled": false}}