{"metadata": {"datasetIds": [{"sourceName": "B2Share", "identifier": "https://doi.org/10.23728/b2share.79905f4696814887a7d186643c30f962", "type": "DOI"}], "titles": [{"language": "eng", "text": "Donana - GPP monthly (2020-2021)"}], "descriptions": [{"type": "Abstract", "language": "eng", "description": "Abstract: 30-day Gross Primary Productivity (GPP) estimated across the wetlands of the Do\u00f1ana National Park, Spain.\r\n\r\nMethods: The GPP maps are based on an empirical model integrates and linearly correlate the Red-Edge Index (CLr) derived from Sentinel-2 images and in situ measurements of precipitation with in situ measurements of GPP.\r\n\r\nFor detailed information about the methodology:\r\nSpinosa, Anna, Mario Alberto Fuentes-Monjaraz, and Ghada El Serafy. 2023. \"Assessing the Use of Sentinel-2 Data for Spatio-Temporal Upscaling of Flux Tower Gross Primary Productivity Measurements\" Remote Sensing 15, no. 3: 562.\r\n\r\nTechnicalInfo: 15-day and 30-day maps for the months of October, November and December 2020 and January, February, March, April and May 2021."}], "keywords": ["eLTER", {"name": "monthly", "url": ""}, {"name": "WCS", "url": ""}, {"name": "ImageMosaic", "url": ""}, {"name": "variable: GPP", "url": ""}, {"name": "https://doi.org/10.23728/b2share.79905f4696814887a7d186643c30f962", "url": ""}], "publicationDate": "2024-12-03", "language": "english", "SOReference": null, "authors": null, "licenses": [{"name": "CC BY 4.0", "url": "https://creativecommons.org/licenses/by/4.0/deed.en"}], "geoLocations": [{"EX_GeographicDescription": "Do\u00f1ana Long-Term Socio-ecological Research Platform - Spain", "Point": {"longitude": -6.403730334374421, "latitude": 36.993611546854424}}, {"EX_GeographicDescription": "Do\u00f1ana Long-Term Socio-ecological Research Platform - Spain", "EX_GeographicBoundingBox": {"westBoundLongitude": -6.460054702688715, "eastBoundLongitude": -6.347405966060126, "southBoundLatitude": 36.93459223268778, "northBoundLatitude": 37.05263086102108}}], "temporalCoverages": [{"startDate": "2020-01-01", "endDate": "2021-12-31"}], "geoServerInfo": {"serviceType": "WMS", "mapData": [{"path": "https://spatialnode.elter.cerit-sc.cz/geoserver/ows?version=1.3.0", "epsgCode": "4326", "type": "POLYGON", "features": {"name": "eshape:donana_gpp_monthly", "label": "Donana - GPP monthly (2020-2021)", "style": {"colour": "#000000"}}, "bytetype": false}]}, "project": {"name": "e-shape", "PID": "https://doi.org/10.3030/820852"}, "siteReference": [{"name": "Do\u00f1ana Long-Term Socio-ecological Research Platform - Spain", "PID": "bcbc866c-3f4f-47a8-bbbc-0a93df6de7b2"}]}, "files": {"enabled": false}}