{"metadata": {"datasetIds": [{"sourceName": "B2Share", "identifier": "https://doi.org/10.23728/b2share.81f34962de634f5e9effcacba3b40f97", "type": "DOI"}], "titles": [{"language": "eng", "text": "TERENO Harz Central German Lowland - Hydroperiod (2017-2018)"}], "descriptions": [{"type": "Abstract", "language": "eng", "description": "The annual hydroperiod is generated from a series of inundation maps (derived from EO data) by interpolating the inundation status per pixel as follows: if a pixel is inundated at two sequential (selected) dates, then it is assumed inundated for n-days, but n/2 days otherwise. The total number of days of inundation is determined by accumulating the pairwise derived results for all assessed date-pairs within a year."}], "keywords": ["eLTER", {"name": "WCS", "url": ""}, {"name": "GeoTIFF", "url": ""}, {"name": "Hydroperiod", "url": ""}, {"name": "https://doi.org/10.23728/b2share.81f34962de634f5e9effcacba3b40f97", "url": ""}], "publicationDate": "2024-12-03", "language": "english", "SOReference": null, "authors": [{"fullName": "Ioannis Manakos", "givenName": "Ioannis", "familyName": "Manakos", "email": "imanakos@iti.gr", "type": "ContactPerson", "ids": [{"id": "https://orcid.org/0000-0001-6833-294X", "schema": "Orcid"}]}], "licenses": [{"name": "CC BY 4.0", "url": "https://creativecommons.org/licenses/by/4.0/deed.en"}], "geoLocations": [{"EX_GeographicDescription": "TERENO Harz/Central German Lowland LTER - Germany", "Point": {"longitude": 11.356094664941827, "latitude": 51.79153019051883}}, {"EX_GeographicDescription": "TERENO Harz/Central German Lowland LTER - Germany", "EX_GeographicBoundingBox": {"westBoundLongitude": 10.733660993024472, "eastBoundLongitude": 11.978528336859181, "southBoundLatitude": 51.33115236852477, "northBoundLatitude": 52.25190801251288}}], "temporalCoverages": [{"startDate": "2017-01-01", "endDate": "2018-12-31"}], "geoServerInfo": {"serviceType": "WMS", "mapData": [{"path": "https://spatialnode.elter.cerit-sc.cz/geoserver/ows?version=1.3.0", "epsgCode": "32632", "type": "POLYGON", "features": {"name": "eshape:terenoharz_hydroperiod_2017_2018", "label": "TERENO Harz Central German Lowland - Hydroperiod (2017-2018)", "style": {"colour": "#000000"}}, "bytetype": false}]}, "project": {"name": "e-shape", "PID": "https://doi.org/10.3030/820852"}, "siteReference": [{"name": "TERENO Harz/Central German Lowland LTER - Germany", "PID": "d6ce4453-17a8-49d8-9c02-caae8b6629a6"}]}, "files": {"enabled": false}}