{"metadata": {"datasetIds": [{"sourceName": "B2Share", "identifier": "https://doi.org/10.23728/b2share.5b175810bd504f2f8607a9ed9f078809", "type": "DOI"}], "titles": [{"language": "eng", "text": "Gesause National Park - Phenology SOSV (2020)"}], "descriptions": [{"type": "Abstract", "language": "eng", "description": "Vegetation Index value at SOSD. The phenology product was generated from Sentinel-2 Level-2A from Normalized Difference Vegetation Index (NDVI) time-series of year 2020."}], "keywords": ["eLTER", {"name": "WCS", "url": ""}, {"name": "GeoTIFF", "url": ""}, {"name": "Phenology", "url": "https://vocabs.lter-europe.net/EnvThes/21647"}, {"name": "subvariable: SOSV", "url": ""}, {"name": "https://doi.org/10.23728/b2share.5b175810bd504f2f8607a9ed9f078809", "url": ""}], "publicationDate": "2024-12-03", "language": "english", "SOReference": null, "authors": [{"fullName": "Saverio Vicario", "givenName": "Saverio", "familyName": "Vicario", "email": "saverio.vicario@iia.cnr.it", "type": "ContactPerson", "ids": [{"id": "https://orcid.org/0000-0003-1140-0483", "schema": "Orcid"}]}], "licenses": [{"name": "CC BY 4.0", "url": "https://creativecommons.org/licenses/by/4.0/deed.en"}], "geoLocations": [{"EX_GeographicDescription": "Ges\u00e4use National Park - Austria", "Point": {"longitude": 14.636621054342509, "latitude": 47.572978625913834}}, {"EX_GeographicDescription": "Ges\u00e4use National Park - Austria", "EX_GeographicBoundingBox": {"westBoundLongitude": 14.527046798776357, "eastBoundLongitude": 14.746195309908659, "southBoundLatitude": 47.51279846493821, "northBoundLatitude": 47.63315878688945}}], "temporalCoverages": [{"startDate": "2020-01-01", "endDate": "2020-12-31"}], "geoServerInfo": {"serviceType": "WMS", "mapData": [{"path": "https://spatialnode.elter.cerit-sc.cz/geoserver/ows?version=1.3.0", "epsgCode": "32633", "type": "POLYGON", "features": {"name": "eshape:GesauseNationalPark_phenology_SOSV_2020", "label": "Gesause National Park - Phenology SOSV (2020)", "style": {"colour": "#000000"}}, "bytetype": false}]}, "project": {"name": "e-shape", "PID": "https://doi.org/10.3030/820852"}, "siteReference": [{"name": "Ges\u00e4use National Park - Austria", "PID": "f475dd9a-968f-4640-bac4-1eac12987e67"}]}, "files": {"enabled": false}}