{"metadata": {"datasetIds": [{"sourceName": "B2Share", "identifier": "https://doi.org/10.23728/b2share.a6ef9b030de240f198581261be9de6c1", "type": "DOI"}], "titles": [{"language": "eng", "text": "Kalkalpen National Park - Phenology EOSV (2019)"}], "descriptions": [{"type": "Abstract", "language": "eng", "description": "Vegetation Index value at EOSD. The phenology product was generated from Sentinel-2 Level-2A from Normalized Difference Vegetation Index (NDVI) time-series of year 2019."}], "keywords": ["eLTER", {"name": "WCS", "url": ""}, {"name": "GeoTIFF", "url": ""}, {"name": "Phenology", "url": "https://vocabs.lter-europe.net/EnvThes/21647"}, {"name": "subvariable: EOSV", "url": ""}, {"name": "https://doi.org/10.23728/b2share.a6ef9b030de240f198581261be9de6c1", "url": ""}], "publicationDate": "2024-12-03", "language": "english", "SOReference": null, "authors": [{"fullName": "Saverio Vicario", "givenName": "Saverio", "familyName": "Vicario", "email": "saverio.vicario@iia.cnr.it", "type": "ContactPerson", "ids": [{"id": "https://orcid.org/0000-0003-1140-0483", "schema": "Orcid"}]}], "licenses": [{"name": "CC BY 4.0", "url": "https://creativecommons.org/licenses/by/4.0/deed.en"}], "geoLocations": [{"EX_GeographicDescription": "Kalkalpen National Park - Austria", "Point": {"longitude": 14.360387887336543, "latitude": 47.76479847666532}}, {"EX_GeographicDescription": "Kalkalpen National Park - Austria", "EX_GeographicBoundingBox": {"westBoundLongitude": 14.164856667874037, "eastBoundLongitude": 14.55591910679905, "southBoundLatitude": 47.67900889297856, "northBoundLatitude": 47.850588060352074}}], "temporalCoverages": [{"startDate": "2019-01-01", "endDate": "2019-12-31"}], "geoServerInfo": {"serviceType": "WMS", "mapData": [{"path": "https://spatialnode.elter.cerit-sc.cz/geoserver/ows?version=1.3.0", "epsgCode": "32633", "type": "POLYGON", "features": {"name": "eshape:KalkalpenNationalPark_phenology_EOSV_2019", "label": "Kalkalpen National Park - Phenology EOSV (2019)", "style": {"colour": "#000000"}}, "bytetype": false}]}, "project": {"name": "e-shape", "PID": "https://doi.org/10.3030/820852"}, "siteReference": [{"name": "Kalkalpen National Park - Austria", "PID": "49515dda-1198-4013-8f43-c33e107af081"}]}, "files": {"enabled": false}}