{"metadata": {"datasetIds": [{"sourceName": "B2Share", "identifier": "https://doi.org/10.23728/b2share.68d0d103ee904b3886ac19d455f4089a", "type": "DOI"}], "titles": [{"language": "eng", "text": "Murgia Alta - Phenology SOSD (2019)"}], "descriptions": [{"type": "Abstract", "language": "eng", "description": "Start of season date (DOY). The phenology product was generated from Sentinel-2 Level-2A from Normalized Difference Vegetation Index (NDVI) time-series of year 2019. The day of year (DOY) goes from Jan 1st = 1 to Dec 31st = 365 (366 in leap years)."}], "keywords": ["eLTER", {"name": "WCS", "url": ""}, {"name": "GeoTIFF", "url": ""}, {"name": "Phenology", "url": "https://vocabs.lter-europe.net/EnvThes/21647"}, {"name": "subvariable: SOSD", "url": ""}, {"name": "https://doi.org/10.23728/b2share.68d0d103ee904b3886ac19d455f4089a", "url": ""}], "publicationDate": "2024-12-03", "language": "english", "SOReference": null, "authors": [{"fullName": "Saverio Vicario", "givenName": "Saverio", "familyName": "Vicario", "email": "saverio.vicario@iia.cnr.it", "type": "ContactPerson", "ids": [{"id": "https://orcid.org/0000-0003-1140-0483", "schema": "Orcid"}]}], "licenses": [{"name": "CC BY 4.0", "url": "https://creativecommons.org/licenses/by/4.0/deed.en"}], "geoLocations": [{"EX_GeographicDescription": "Murgia Alta - Italy", "Point": {"longitude": 16.397734522051117, "latitude": 40.97503368660129}}, {"EX_GeographicDescription": "Murgia Alta - Italy", "EX_GeographicBoundingBox": {"westBoundLongitude": 16.185450077986054, "eastBoundLongitude": 16.610018966116183, "southBoundLatitude": 40.7949618298077, "northBoundLatitude": 41.15510554339489}}], "temporalCoverages": [{"startDate": "2019-01-01", "endDate": "2019-12-31"}], "geoServerInfo": {"serviceType": "WMS", "mapData": [{"path": "https://spatialnode.elter.cerit-sc.cz/geoserver/ows?version=1.3.0", "epsgCode": "32633", "type": "POLYGON", "features": {"name": "eshape:MurgiaAlta_Phenology_SOSD_2019", "label": "Murgia Alta - Phenology SOSD (2019)", "style": {"colour": "#000000"}}, "bytetype": false}]}, "project": {"name": "e-shape", "PID": "https://doi.org/10.3030/820852"}, "siteReference": [{"name": "Murgia Alta - Italy", "PID": "bbd428c6-c4b8-4f47-9298-2b969d38a664"}]}, "files": {"enabled": false}}