{"metadata": {"datasetIds": [{"sourceName": "B2Share", "identifier": "https://doi.org/10.23728/b2share.f97c8289132b4ba19a3e21c5032c910b", "type": "DOI"}], "titles": [{"language": "eng", "text": "Braila - Snowcover (2019-2020)"}], "descriptions": [{"type": "Abstract", "language": "eng", "description": "Sentinel-2 Snow Cover Extent (SCE) is obtained by applying the methodology reported in https://doi.org/10.3390/rs13101957. The final output consists of 20 m resolution raster masks in GeoTIFF format\r\nwith: 0, No snow; 100, Snow; 205, Cloud; 254, No Data."}], "keywords": ["eLTER", {"name": "SnowCover", "url": ""}, {"name": "WCS", "url": ""}, {"name": "ImageMosaic", "url": ""}, {"name": "snowCover", "url": "https://vocabs.lter-europe.net/EnvThes/21559"}, {"name": "https://doi.org/10.23728/b2share.f97c8289132b4ba19a3e21c5032c910b", "url": ""}], "publicationDate": "2024-12-03", "language": "english", "SOReference": null, "authors": [{"fullName": "Maria Adamo", "givenName": "Maria", "familyName": "Adamo", "type": "ContactPerson", "email": "adamo@iia.cnr.it", "ids": [{"id": "https://orcid.org/0000-0003-3030-4884", "schema": "Orcid"}]}, {"fullName": "Chiara Richiardi", "givenName": "Chiara", "familyName": "Richiardi", "type": "ContactPerson", "email": "chiara.richiardi@iia.cnr.it", "ids": [{"id": "https://orcid.org/0000-0002-2370-7768", "schema": "Orcid"}]}], "licenses": [{"name": "CC BY 4.0", "url": "https://creativecommons.org/licenses/by/4.0/deed.en"}], "geoLocations": [{"EX_GeographicDescription": "Braila Islands - Romania", "Point": {"longitude": 28.020237968317097, "latitude": 44.89215983959864}}, {"EX_GeographicDescription": "Braila Islands - Romania", "EX_GeographicBoundingBox": {"westBoundLongitude": 27.644064763491816, "eastBoundLongitude": 28.39641117314238, "southBoundLatitude": 44.63233108862637, "northBoundLatitude": 45.15198859057091}}], "temporalCoverages": [{"startDate": "2019-01-01", "endDate": "2020-12-31"}], "geoServerInfo": {"serviceType": "WMS", "mapData": [{"path": "https://spatialnode.elter.cerit-sc.cz/geoserver/ows?version=1.3.0", "epsgCode": "32635", "type": "POLYGON", "features": {"name": "eshape:braila_snowcover", "label": "Braila - Snowcover (2019-2020)", "style": {"colour": "#000000"}}, "bytetype": false}]}, "project": {"name": "e-shape", "PID": "https://doi.org/10.3030/820852"}, "siteReference": [{"name": "Braila Islands - Romania", "PID": "d4854af8-9d9f-42a2-af96-f1ed9cb25712"}]}, "files": {"enabled": false}}