{"metadata": {"datasetIds": [{"sourceName": "B2Share", "identifier": "https://doi.org/10.23728/b2share.6de1e903ae0445a487cb219142bbcfb2", "type": "DOI"}], "titles": [{"language": "eng", "text": "Lammi LTER - Phenology POSD (2019)"}], "descriptions": [{"type": "Abstract", "language": "eng", "description": "Peak of season date (DOY). The phenology product was generated from Sentinel-2 Level-2A from Normalized Difference Vegetation Index (NDVI) time-series of year 2019. The day of year (DOY) goes from Jan 1st = 1 to Dec 31st = 365 (366 in leap years)."}], "keywords": ["eLTER", {"name": "WCS", "url": ""}, {"name": "GeoTIFF", "url": ""}, {"name": "Phenology", "url": "https://vocabs.lter-europe.net/EnvThes/21647"}, {"name": "subvariable: POSD", "url": ""}, {"name": "https://doi.org/10.23728/b2share.6de1e903ae0445a487cb219142bbcfb2", "url": ""}], "publicationDate": "2024-12-03", "language": "english", "SOReference": null, "authors": [{"fullName": "Saverio Vicario", "givenName": "Saverio", "familyName": "Vicario", "email": "saverio.vicario@iia.cnr.it", "type": "ContactPerson", "ids": [{"id": "https://orcid.org/0000-0003-1140-0483", "schema": "Orcid"}]}], "licenses": [{"name": "CC BY 4.0", "url": "https://creativecommons.org/licenses/by/4.0/deed.en"}], "geoLocations": [{"EX_GeographicDescription": "Lammi LTER - Finland", "Point": {"longitude": 25.049511301411066, "latitude": 61.05812250730378}}, {"EX_GeographicDescription": "Lammi LTER - Finland", "EX_GeographicBoundingBox": {"westBoundLongitude": 25.032256889977376, "eastBoundLongitude": 25.066765712844752, "southBoundLatitude": 61.051239425642976, "northBoundLatitude": 61.06500558896458}}], "temporalCoverages": [{"startDate": "2019-01-01", "endDate": "2019-12-31"}], "geoServerInfo": {"serviceType": "WMS", "mapData": [{"path": "https://spatialnode.elter.cerit-sc.cz/geoserver/ows?version=1.3.0", "epsgCode": "32635", "type": "POLYGON", "features": {"name": "eshape:LammiLTER_phenology_POSD_2019", "label": "Lammi LTER - Phenology POSD (2019)", "style": {"colour": "#000000"}}, "bytetype": false}]}, "project": {"name": "e-shape", "PID": "https://doi.org/10.3030/820852"}, "siteReference": [{"name": "Lammi LTER - Finland", "PID": "a43d31c8-6219-4ab8-ac41-6088cb56b12b"}]}, "files": {"enabled": false}}