{"metadata": {"datasetIds": [{"sourceName": "B2Share", "identifier": "https://doi.org/10.23728/b2share.9a8aa6c218e54a3d8c08e3912e6364de", "type": "DOI"}], "titles": [{"language": "eng", "text": "LTSER Dutch Wadden Sea - Phenology EOSV (2020)"}], "descriptions": [{"type": "Abstract", "language": "eng", "description": "Vegetation Index value at EOSD. The phenology product was generated from Sentinel-2 Level-2A from Normalized Difference Vegetation Index (NDVI) time-series of year 2020."}], "keywords": ["eLTER", {"name": "WCS", "url": ""}, {"name": "GeoTIFF", "url": ""}, {"name": "Phenology", "url": "https://vocabs.lter-europe.net/EnvThes/21647"}, {"name": "subvariable: EOSV", "url": ""}, {"name": "https://doi.org/10.23728/b2share.9a8aa6c218e54a3d8c08e3912e6364de", "url": ""}], "publicationDate": "2024-12-03", "language": "english", "SOReference": null, "authors": [{"fullName": "Saverio Vicario", "givenName": "Saverio", "familyName": "Vicario", "email": "saverio.vicario@iia.cnr.it", "type": "ContactPerson", "ids": [{"id": "https://orcid.org/0000-0003-1140-0483", "schema": "Orcid"}]}], "licenses": [{"name": "CC BY 4.0", "url": "https://creativecommons.org/licenses/by/4.0/deed.en"}], "geoLocations": [{"EX_GeographicDescription": "LTSER Dutch Wadden Sea Area - Netherlands", "Point": {"longitude": 6.423923706227659, "latitude": 53.023703983185136}}, {"EX_GeographicDescription": "LTSER Dutch Wadden Sea Area - Netherlands", "EX_GeographicBoundingBox": {"westBoundLongitude": 6.007727393321878, "eastBoundLongitude": 6.8401200191334395, "southBoundLatitude": 52.86025176485927, "northBoundLatitude": 53.187156201511}}], "temporalCoverages": [{"startDate": "2020-01-01", "endDate": "2020-12-31"}], "geoServerInfo": {"serviceType": "WMS", "mapData": [{"path": "https://spatialnode.elter.cerit-sc.cz/geoserver/ows?version=1.3.0", "epsgCode": "32632", "type": "POLYGON", "features": {"name": "eshape:LTSERDutchWaddenSeaArea_Phenology_EOSV_2020", "label": "LTSER Dutch Wadden Sea - Phenology EOSV (2020)", "style": {"colour": "#000000"}}, "bytetype": false}]}, "project": {"name": "e-shape", "PID": "https://doi.org/10.3030/820852"}, "siteReference": [{"name": "LTSER Dutch Wadden Sea Area - Netherlands", "PID": "fcbf044b-20e2-4e87-894d-10bfe6e3a7ac"}]}, "files": {"enabled": false}}