{"metadata": {"datasetIds": [{"sourceName": "B2Share", "identifier": "https://doi.org/10.23728/b2share.cafe3eb1d4ef4e648bd4f8f058ab5dfb", "type": "DOI"}], "titles": [{"language": "eng", "text": "Montado - Phenology EOSV (2020)"}], "descriptions": [{"type": "Abstract", "language": "eng", "description": "Vegetation Index value at EOSD. The phenology product was generated from Sentinel-2 Level-2A from Normalized Difference Vegetation Index (NDVI) time-series of year 2020."}], "keywords": ["eLTER", {"name": "WCS", "url": ""}, {"name": "GeoTIFF", "url": ""}, {"name": "Phenology", "url": "https://vocabs.lter-europe.net/EnvThes/21647"}, {"name": "subvariable: EOSV", "url": ""}, {"name": "https://doi.org/10.23728/b2share.cafe3eb1d4ef4e648bd4f8f058ab5dfb", "url": ""}], "publicationDate": "2024-12-03", "language": "english", "SOReference": null, "authors": [{"fullName": "Saverio Vicario", "givenName": "Saverio", "familyName": "Vicario", "email": "saverio.vicario@iia.cnr.it", "type": "ContactPerson", "ids": [{"id": "https://orcid.org/0000-0003-1140-0483", "schema": "Orcid"}]}], "licenses": [{"name": "CC BY 4.0", "url": "https://creativecommons.org/licenses/by/4.0/deed.en"}], "geoLocations": [{"EX_GeographicDescription": "LTsER-Montado - Portugal", "Point": {"longitude": -8.316779106556401, "latitude": 38.31208493870172}}, {"EX_GeographicDescription": "LTsER-Montado - Portugal", "EX_GeographicBoundingBox": {"westBoundLongitude": -8.867244895952046, "eastBoundLongitude": -7.766313317160756, "southBoundLatitude": 37.9655760693809, "northBoundLatitude": 38.658593808022545}}], "temporalCoverages": [{"startDate": "2020-01-01", "endDate": "2020-12-31"}], "geoServerInfo": {"serviceType": "WMS", "mapData": [{"path": "https://spatialnode.elter.cerit-sc.cz/geoserver/ows?version=1.3.0", "epsgCode": "32629", "type": "POLYGON", "features": {"name": "eshape:Montado_Phenology_EOSV_2020", "label": "Montado - Phenology EOSV (2020)", "style": {"colour": "#000000"}}, "bytetype": false}]}, "project": {"name": "e-shape", "PID": "https://doi.org/10.3030/820852"}, "siteReference": [{"name": "LTsER-Montado - Portugal", "PID": "ecfcc7e2-82e5-4ec1-adee-a3f9f815fc0d"}]}, "files": {"enabled": false}}