{"metadata": {"datasetIds": [{"sourceName": "B2Share", "identifier": "https://doi.org/10.23728/b2share.f68dd6f4a9384b449a8d6ebb18ae02bb", "type": "DOI"}], "titles": [{"language": "eng", "text": "Murgia Alta - Hydroperiod (2018-2019)"}], "descriptions": [{"type": "Abstract", "language": "eng", "description": "The annual hydroperiod is generated from a series of inundation maps (derived from EO data) by interpolating the inundation status per pixel as follows: if a pixel is inundated at two sequential (selected) dates, then it is assumed inundated for n-days, but n/2 days otherwise. The total number of days of inundation is determined by accumulating the pairwise derived results for all assessed date-pairs within a year."}], "keywords": ["eLTER", {"name": "WCS", "url": ""}, {"name": "GeoTIFF", "url": ""}, {"name": "Hydroperiod", "url": ""}, {"name": "https://doi.org/10.23728/b2share.f68dd6f4a9384b449a8d6ebb18ae02bb", "url": ""}], "publicationDate": "2024-12-03", "language": "english", "SOReference": null, "authors": [{"fullName": "Ioannis Manakos", "givenName": "Ioannis", "familyName": "Manakos", "email": "imanakos@iti.gr", "type": "ContactPerson", "ids": [{"id": "https://orcid.org/0000-0001-6833-294X", "schema": "Orcid"}]}], "licenses": [{"name": "CC BY 4.0", "url": "https://creativecommons.org/licenses/by/4.0/deed.en"}], "geoLocations": [{"EX_GeographicDescription": "Murgia Alta - Italy", "Point": {"longitude": 16.265016095959027, "latitude": 40.88545982186468}}, {"EX_GeographicDescription": "Murgia Alta - Italy", "EX_GeographicBoundingBox": {"westBoundLongitude": 16.186202233693272, "eastBoundLongitude": 16.343829958224777, "southBoundLatitude": 40.83385591604043, "northBoundLatitude": 40.93706372768893}}], "temporalCoverages": [{"startDate": "2018-01-01", "endDate": "2019-12-31"}], "geoServerInfo": {"serviceType": "WMS", "mapData": [{"path": "https://spatialnode.elter.cerit-sc.cz/geoserver/ows?version=1.3.0", "epsgCode": "32633", "type": "POLYGON", "features": {"name": "eshape:murgiaalta_hydroperiod_2018_2019", "label": "Murgia Alta - Hydroperiod (2018-2019)", "style": {"colour": "#000000"}}, "bytetype": false}]}, "project": {"name": "e-shape", "PID": "https://doi.org/10.3030/820852"}, "siteReference": [{"name": "Murgia Alta - Italy", "PID": "bbd428c6-c4b8-4f47-9298-2b969d38a664"}]}, "files": {"enabled": false}}