{"metadata": {"datasetIds": [{"sourceName": "B2Share", "identifier": "https://doi.org/10.23728/b2share.b9a0acc25ca74ec9ace2bdc9a6799e97", "type": "DOI"}], "titles": [{"language": "eng", "text": "Donana - Phenology StdintraCVmask (2019)"}], "descriptions": [{"type": "Abstract", "language": "eng", "description": "Abstract: Phenological Annual Summary Statistics based on Ecosystem Functional Attribute framework. The result are based on S2 interpolated with a bayesian implementation of Harmonic Model. Methods: Details of the method can be found in Vicario S, Adamo M, Alcaraz-Segura D, Tarantino C (2019) Bayesian Harmonic Modelling of Sparse and Irregular Satellite Remote Sensing Time Series of Vegetation Indexes: A Story of Clouds and Fires. Remote Sens 12:83 . doi: 10.3390/rs12010083 TechnicalInfo: The phenology is not a scalar variable but it is an ensamble of sub-variables all based on MCARI2 vegetation index and for each one two statistics are given: expected value (mean) and a mask for all pixel with standard deviation of uncertianities larger than 10% the mean (CVmask) within the general name rule proposed: locality_variable_timestamp.extension variable formed in: Phenology-SubvariableStatistics The subvariables are: mean: mean value across the year - values range between 0-0.5 stdintra: standard deviation of the value across the year - values range between 0-0.05 maxpos: day of the year of the maximum value - values range between 0-0.5 sdinter: standard deviation across years - values range between 0-0.05 The statistics are: mean: Expected value of the subvariable across 100 simulation CVmask: 0-1 mask with value 1 for pixel with less than 10% of standard deviation compared to the mean The timestamp refer to a year or to two years."}], "keywords": ["eLTER", {"name": "WCS", "url": ""}, {"name": "GeoTIFF", "url": ""}, {"name": "Phenology", "url": "https://vocabs.lter-europe.net/EnvThes/21647"}, {"name": "subvariable: Stdintra", "url": ""}, {"name": "stat: CVmask", "url": ""}, {"name": "group: G018", "url": ""}, {"name": "https://doi.org/10.23728/b2share.b9a0acc25ca74ec9ace2bdc9a6799e97", "url": ""}], "publicationDate": "2024-12-03", "language": "english", "SOReference": null, "authors": [{"fullName": "Saverio Vicario", "givenName": "Saverio", "familyName": "Vicario", "email": "saverio.vicario@iia.cnr.it", "type": "ContactPerson", "ids": [{"id": "https://orcid.org/0000-0003-1140-0483", "schema": "Orcid"}]}], "licenses": [{"name": "CC BY 4.0", "url": "https://creativecommons.org/licenses/by/4.0/deed.en"}], "geoLocations": [{"EX_GeographicDescription": "Do\u00f1ana Long-Term Socio-ecological Research Platform - Spain", "Point": {"longitude": -8.311603459030993, "latitude": 38.31207124447255}}, {"EX_GeographicDescription": "Do\u00f1ana Long-Term Socio-ecological Research Platform - Spain", "EX_GeographicBoundingBox": {"westBoundLongitude": -8.86838328374678, "eastBoundLongitude": -7.754823634315204, "southBoundLatitude": 37.96554736983879, "northBoundLatitude": 38.658595119106316}}], "temporalCoverages": [{"startDate": "2019-01-01", "endDate": "2019-12-31"}], "geoServerInfo": {"serviceType": "WMS", "mapData": [{"path": "https://spatialnode.elter.cerit-sc.cz/geoserver/ows?version=1.3.0", "epsgCode": "32629", "type": "POLYGON", "features": {"name": "eshape:Donana_Phenology-StdintraCVmask_2019", "label": "Donana - Phenology StdintraCVmask (2019)", "style": {"colour": "#000000"}}, "bytetype": false}]}, "project": {"name": "e-shape", "PID": "https://doi.org/10.3030/820852"}, "siteReference": [{"name": "Do\u00f1ana Long-Term Socio-ecological Research Platform - Spain", "PID": "bcbc866c-3f4f-47a8-bbbc-0a93df6de7b2"}]}, "files": {"enabled": false}}