{"metadata": {"datasetIds": [{"sourceName": "B2Share", "identifier": "https://doi.org/10.23728/b2share.6436f257b9e44c3c81e614e6d68c5083", "type": "DOI"}], "titles": [{"language": "eng", "text": "Braila - Phenology MaxposCvmask (2019)"}], "descriptions": [{"type": "Abstract", "language": "eng", "description": "Abstract: Phenological Annual Summary Statistics based on Ecosystem Functional Attribute framework. The result are based on S2 interpolated with a bayesian implementation of Harmonic Model.\r\n\r\nMethods: Details of the method can be found in Vicario S, Adamo M, Alcaraz-Segura D, Tarantino C (2019) Bayesian Harmonic Modelling of Sparse and Irregular Satellite Remote Sensing Time Series of Vegetation Indexes: A Story of Clouds and Fires. Remote Sens 12:83 . doi: 10.3390/rs12010083\r\n\r\nTechnicalInfo: The phenology is not a scalar variable but it is an ensamble of sub-variables all based on MCARI2 vegetation index\r\nand for each one two statistics are given:\r\nexpected value (mean) and a mask for all pixel with standard deviation of uncertianities larger than 10% the mean (CVmask)\r\n\r\nwithin the general name rule proposed:\r\n\r\nlocality_variable_timestamp.extension\r\n\r\nvariable formed in:\r\nPhenology-SubvariableStatistics\r\n\r\nThe subvariables are:\r\n\r\nmean: mean value across the year - values range between 0-0.5\r\nstdintra: standard deviation of the value across the year - values range between 0-0.05\r\nmaxpos: day of the year of the maximum value - values range between 0-0.5\r\nsdinter: standard deviation across years - values range between 0-0.05\r\n\r\nThe statistics are:\r\n\r\nmean: Expected value of the subvariable across 100 simulation\r\nCVmask: 0-1 mask with value 1 for pixel with less than 10% of standard deviation compared to the mean\r\n\r\nThe timestamp refer to a year or to two years"}], "keywords": ["eLTER", {"name": "WCS", "url": ""}, {"name": "GeoTIFF", "url": ""}, {"name": "Phenology", "url": "https://vocabs.lter-europe.net/EnvThes/21647"}, {"name": "subvariable: Maxpos", "url": ""}, {"name": "stat: Cvmask", "url": ""}, {"name": "group: G0", "url": ""}, {"name": "https://doi.org/10.23728/b2share.6436f257b9e44c3c81e614e6d68c5083", "url": ""}], "publicationDate": "2024-12-03", "language": "english", "SOReference": null, "authors": [{"fullName": "Saverio Vicario", "givenName": "Saverio", "familyName": "Vicario", "email": "saverio.vicario@iia.cnr.it", "type": "ContactPerson", "ids": [{"id": "https://orcid.org/0000-0003-1140-0483", "schema": "Orcid"}]}], "licenses": [{"name": "CC BY 4.0", "url": "https://creativecommons.org/licenses/by/4.0/deed.en"}], "geoLocations": [{"EX_GeographicDescription": "Braila Islands - Romania", "Point": {"longitude": 28.020175425420287, "latitude": 44.89220520085259}}, {"EX_GeographicDescription": "Braila Islands - Romania", "EX_GeographicBoundingBox": {"westBoundLongitude": 27.643939677698196, "eastBoundLongitude": 28.39641117314238, "southBoundLatitude": 44.63242108740665, "northBoundLatitude": 45.151989314298525}}], "temporalCoverages": [{"startDate": "2019-01-01", "endDate": "2019-12-31"}], "geoServerInfo": {"serviceType": "WMS", "mapData": [{"path": "https://spatialnode.elter.cerit-sc.cz/geoserver/ows?version=1.3.0", "epsgCode": "32635", "type": "POLYGON", "features": {"name": "eshape:Braila_Phenology-MaxposCvmask_2019", "label": "Braila - Phenology MaxposCvmask (2019)", "style": {"colour": "#000000"}}, "bytetype": false}]}, "project": {"name": "e-shape", "PID": "https://doi.org/10.3030/820852"}, "siteReference": [{"name": "Braila Islands - Romania", "PID": "d4854af8-9d9f-42a2-af96-f1ed9cb25712"}]}, "files": {"enabled": false}}