{"metadata": {"datasetIds": [{"sourceName": "B2Share", "identifier": "https://doi.org/10.23728/b2share.d84a0855ef7241839da4b0f4644e8553", "type": "DOI"}], "titles": [{"language": "eng", "text": "Kerkini Lake - Snowcover (2019-2020)"}], "descriptions": [{"type": "Abstract", "language": "eng", "description": "Sentinel-2 Snow Cover Extent (SCE) is obtained by applying the methodology reported in https://doi.org/10.3390/rs13101957. The final output consists of 20 m resolution raster masks in GeoTIFF format\r\nwith: 0, No snow; 100, Snow; 205, Cloud; 254, No Data."}], "keywords": ["eLTER", {"name": "WCS", "url": ""}, {"name": "ImageMosaic", "url": ""}, {"name": "snowCover", "url": "https://vocabs.lter-europe.net/EnvThes/21559"}, {"name": "https://doi.org/10.23728/b2share.d84a0855ef7241839da4b0f4644e8553", "url": ""}], "publicationDate": "2024-12-03", "language": "english", "SOReference": null, "authors": [{"fullName": "Maria Adamo", "givenName": "Maria", "familyName": "Adamo", "type": "ContactPerson", "email": "adamo@iia.cnr.it", "ids": [{"id": "https://orcid.org/0000-0003-3030-4884", "schema": "Orcid"}]}, {"fullName": "Chiara Richiardi", "givenName": "Chiara", "familyName": "Richiardi", "type": "ContactPerson", "email": "chiara.richiardi@iia.cnr.it", "ids": [{"id": "https://orcid.org/0000-0002-2370-7768", "schema": "Orcid"}]}], "licenses": [{"name": "CC BY 4.0", "url": "https://creativecommons.org/licenses/by/4.0/deed.en"}], "geoLocations": [{"EX_GeographicDescription": "Lake Kerkini National Park - Greece", "Point": {"longitude": 23.15229899850839, "latitude": 41.25648142917353}}, {"EX_GeographicDescription": "Lake Kerkini National Park - Greece", "EX_GeographicBoundingBox": {"westBoundLongitude": 22.85664902496469, "eastBoundLongitude": 23.44794897205209, "southBoundLatitude": 41.103782047753725, "northBoundLatitude": 41.40918081059334}}], "temporalCoverages": [{"startDate": "2019-01-01", "endDate": "2020-12-31"}], "geoServerInfo": {"serviceType": "WMS", "mapData": [{"path": "https://spatialnode.elter.cerit-sc.cz/geoserver/ows?version=1.3.0", "epsgCode": "32634", "type": "POLYGON", "features": {"name": "eshape:kerkinilake_snowcover", "label": "Kerkini Lake - Snowcover (2019-2020)", "style": {"colour": "#000000"}}, "bytetype": false}]}, "project": {"name": "e-shape", "PID": "https://doi.org/10.3030/820852"}, "siteReference": [{"name": "Lake Kerkini National Park - Greece", "PID": "a3b78a8e-1ac6-4186-bd09-f721de2590f8"}]}, "files": {"enabled": false}}