{"metadata": {"datasetIds": [{"sourceName": "B2Share", "identifier": "https://doi.org/10.23728/b2share.b36f78e35b4a42439f0e3730323cf8c3", "type": "DOI"}], "titles": [{"language": "eng", "text": "Gran Paradiso - Snowcover Duration (2016-2017)"}], "descriptions": [{"type": "Abstract", "language": "eng", "description": "Sentinel-2 Snow Cover Extent (SCE) is obtained by applying the methodology reported in https://doi.org/10.3390/rs13101957. The final output consists of 20 m resolution raster masks in GeoTIFF format\r\nwith: 0, No snow; 100, Snow; 205, Cloud; 254, No Data."}], "keywords": ["eLTER", {"name": "WCS", "url": ""}, {"name": "GeoTIFF", "url": ""}, {"name": "snowCover", "url": "https://vocabs.lter-europe.net/EnvThes/21559"}, {"name": "https://doi.org/10.23728/b2share.b36f78e35b4a42439f0e3730323cf8c3", "url": ""}], "publicationDate": "2024-12-03", "language": "english", "SOReference": null, "authors": [{"fullName": "Maria Adamo", "givenName": "Maria", "familyName": "Adamo", "type": "ContactPerson", "email": "adamo@iia.cnr.it", "ids": [{"id": "https://orcid.org/0000-0003-3030-4884", "schema": "Orcid"}]}, {"fullName": "Chiara Richiardi", "givenName": "Chiara", "familyName": "Richiardi", "type": "ContactPerson", "email": "chiara.richiardi@iia.cnr.it", "ids": [{"id": "https://orcid.org/0000-0002-2370-7768", "schema": "Orcid"}]}], "licenses": [{"name": "CC BY 4.0", "url": "https://creativecommons.org/licenses/by/4.0/deed.en"}], "geoLocations": [{"EX_GeographicDescription": "IT23 - Gran Paradiso National Park - Italy", "Point": {"longitude": 7.321311841057513, "latitude": 45.542197921469125}}, {"EX_GeographicDescription": "IT23 - Gran Paradiso National Park - Italy", "EX_GeographicBoundingBox": {"westBoundLongitude": 6.996317473148177, "eastBoundLongitude": 7.646306208966849, "southBoundLatitude": 45.35144573651644, "northBoundLatitude": 45.73295010642181}}], "temporalCoverages": [{"startDate": "2016-01-01", "endDate": "2017-12-31"}], "geoServerInfo": {"serviceType": "WMS", "mapData": [{"path": "https://spatialnode.elter.cerit-sc.cz/geoserver/ows?version=1.3.0", "epsgCode": "32632", "type": "POLYGON", "features": {"name": "eshape:granparadiso_snowduration_2016_2017", "label": "Gran Paradiso - Snowcover Duration (2016-2017)", "style": {"colour": "#000000"}}, "bytetype": false}]}, "project": {"name": "e-shape", "PID": "https://doi.org/10.3030/820852"}, "siteReference": [{"name": "IT23 - Gran Paradiso National Park - Italy", "PID": "15c3e841-8494-42d2-a44e-c49a0ff25946"}]}, "files": {"enabled": false}}