{"metadata": {"datasetIds": [{"sourceName": "B2Share", "identifier": "https://doi.org/10.23728/b2share.2f3df5f7baf04288853f24121d0810cd", "type": "DOI"}], "titles": [{"language": "eng", "text": "Donana - Phenology EOSD (2019)"}], "descriptions": [{"type": "Abstract", "language": "eng", "description": "End of season date (DOY). The phenology product was generated from Sentinel-2 Level-2A from Normalized Difference Vegetation Index (NDVI) time-series of year 2019. The day of year (DOY) goes from Jan 1st = 1 to Dec 31st = 365 (366 in leap years)."}], "keywords": ["eLTER", {"name": "WCS", "url": ""}, {"name": "GeoTIFF", "url": ""}, {"name": "Phenology", "url": "https://vocabs.lter-europe.net/EnvThes/21647"}, {"name": "subvariable: EOSD", "url": ""}, {"name": "https://doi.org/10.23728/b2share.2f3df5f7baf04288853f24121d0810cd", "url": ""}], "publicationDate": "2024-12-03", "language": "english", "SOReference": null, "authors": [{"fullName": "Saverio Vicario", "givenName": "Saverio", "familyName": "Vicario", "email": "saverio.vicario@iia.cnr.it", "type": "ContactPerson", "ids": [{"id": "https://orcid.org/0000-0003-1140-0483", "schema": "Orcid"}]}], "licenses": [{"name": "CC BY 4.0", "url": "https://creativecommons.org/licenses/by/4.0/deed.en"}], "geoLocations": [{"EX_GeographicDescription": "Do\u00f1ana Long-Term Socio-ecological Research Platform - Spain", "Point": {"longitude": -6.390122888401548, "latitude": 37.15444159419191}}, {"EX_GeographicDescription": "Do\u00f1ana Long-Term Socio-ecological Research Platform - Spain", "EX_GeographicBoundingBox": {"westBoundLongitude": -6.754227869551841, "eastBoundLongitude": -6.026017907251253, "southBoundLatitude": 36.92107069372117, "northBoundLatitude": 37.38781249466264}}], "temporalCoverages": [{"startDate": "2019-01-01", "endDate": "2019-12-31"}], "geoServerInfo": {"serviceType": "WMS", "mapData": [{"path": "https://spatialnode.elter.cerit-sc.cz/geoserver/ows?version=1.3.0", "epsgCode": "32629", "type": "POLYGON", "features": {"name": "eshape:DonanaLTSERPlatform_Phenology_EOSD_2019", "label": "Donana - Phenology EOSD (2019)", "style": {"colour": "#000000"}}, "bytetype": false}]}, "project": {"name": "e-shape", "PID": "https://doi.org/10.3030/820852"}, "siteReference": [{"name": "Do\u00f1ana Long-Term Socio-ecological Research Platform - Spain", "PID": "bcbc866c-3f4f-47a8-bbbc-0a93df6de7b2"}]}, "files": {"enabled": false}}