{"metadata": {"datasetIds": [{"sourceName": "B2Share", "identifier": "https://doi.org/10.23728/b2share.b31d67e6a3a6468db8a3f2939ecbbe4c", "type": "DOI"}], "titles": [{"language": "eng", "text": "Harz - GPP biweekly (2019)"}], "descriptions": [{"type": "Abstract", "language": "eng", "description": "Abstract: Bi-weekly Gross Primary Productivity (GPP) estimated across the Harz Lowland Germany National park deciduous forest with a mixed of beech trees. The result are based on an empirical model which linearly correlate the Land Surface Water Index (LSWI) derived from Sentinel-2 images and in situ measurements of shortwave incoming radiation."}], "keywords": ["eLTER", {"name": "15-days", "url": ""}, {"name": "WCS", "url": ""}, {"name": "ImageMosaic", "url": ""}, {"name": "variable: GPP", "url": ""}, {"name": "https://doi.org/10.23728/b2share.b31d67e6a3a6468db8a3f2939ecbbe4c", "url": ""}], "publicationDate": "2024-12-03", "language": "english", "SOReference": null, "authors": null, "licenses": [{"name": "CC BY 4.0", "url": "https://creativecommons.org/licenses/by/4.0/deed.en"}], "geoLocations": [{"EX_GeographicDescription": "TERENO Harz/Central German Lowland LTER - Germany", "Point": {"longitude": 11.222473181448358, "latitude": 52.08656596146015}}, {"EX_GeographicDescription": "TERENO Harz/Central German Lowland LTER - Germany", "EX_GeographicBoundingBox": {"westBoundLongitude": 11.149709643434676, "eastBoundLongitude": 11.295236719462038, "southBoundLatitude": 52.041560365725765, "northBoundLatitude": 52.13157155719454}}], "temporalCoverages": [{"startDate": "2019-01-01", "endDate": "2019-12-31"}], "geoServerInfo": {"serviceType": "WMS", "mapData": [{"path": "https://spatialnode.elter.cerit-sc.cz/geoserver/ows?version=1.3.0", "epsgCode": "4326", "type": "POLYGON", "features": {"name": "eshape:harz_gpp_15days", "label": "Harz - GPP biweekly (2019)", "style": {"colour": "#000000"}}, "bytetype": false}]}, "project": {"name": "e-shape", "PID": "https://doi.org/10.3030/820852"}, "siteReference": [{"name": "TERENO Harz/Central German Lowland LTER - Germany", "PID": "d6ce4453-17a8-49d8-9c02-caae8b6629a6"}]}, "files": {"enabled": false}}