{"metadata": {"datasetIds": [{"sourceName": "B2Share", "identifier": "https://doi.org/10.23728/b2share.14d0577978064a6e88b4075a092b720c", "type": "DOI"}], "titles": [{"language": "eng", "text": "Hyltemossa - Gross Primary Production (2018-2023)"}], "descriptions": [{"type": "Abstract", "language": "eng", "description": "Gross Primary Production (GPP) represents the total amount of carbon fixed by plants through photosynthesis in an ecosystem over a specific period. GPP data products are derived using a data-driven approach that integrates Earth observation data with in-situ carbon flux measurements. Specifically, GPP estimations combine Sentinel-2 multispectral imagery with carbon flux data from eddy covariance towers, employing the XGBoost machine learning algorithm for prediction. The resulting GPP maps are generated at a 10-meter spatial resolution and a temporal frequency up to 5 days, covering the period from March 2017 to December 2023. The temporal resolution is contingent upon 50% free-cloud conditions in the area of interest, with lower frequencies occurring during periods of high cloud coverage. The spatial extent of the GPP maps corresponds to the boundaries of long-term observation sites as recorded in the DEIMS-SDR registry (e.g., https://deims.org/b27549de-1e6f-4f3e-9e22-4d4f3dec61e3). For sites where the boundary area is smaller than 1 km\u00b2, or if only point coordinates are available in DEIMS-SDR, the maps are constrained to a 1 km x 1 km bounding box."}, {"type": "Methods", "language": "eng", "description": "The methodology integrates multiple data sources via machine learning techniques to estimate Gross Primary Production (GPP) across different ecosystems. The process begins with data pre-processing, including the selection of sites based on criteria such available vegetation information, at least three full years of eddy covariance flux data. GPP and environmental data (e.g. air temperature, vapor pressure deficit, etc.) are extracted from the ICOS database across different ecosystem types. Then, different remote sensing (RS) indices (e.g NDVI, EVI, etc.) are estimated in GEE using Sentinel-2 MSI data as the mean value of the pixels found inside the climatological footprint 70 (an area were 70% of the GPP measurements are coming from). Both data coming from ICOS dataset and RS indices are used as predictors for the model. The data is split, with 70% used for training and 30% for testing. In the model setup, an XGBoost model is trained using the selected environmental and RS based indices. The model parameters are fine-tuned to improve accuracy. The remaining 30% of testing data is used to evaluate the model\u2019s performance by comparing its predictions against in-situ GPP data. Error metrics like Mean Absolute Error (MAE), Root Mean Absolute Error (RMAE), and R\u00b2 are provided. The maps computation phase applies the trained model to ecosystem boundaries from the DEIMS website to generate 5-day GPP maps. "}], "keywords": ["eLTER", {"name": "timeseries", "url": ""}, {"name": "WCS", "url": ""}, {"name": "ImageMosaic", "url": ""}, {"name": "Gross Primary Production", "url": "http://vocabs.lter-europe.net/EnvThes/21074"}, {"name": "EBV", "url": ""}, {"name": "Sentinel-2 MSI", "url": ""}, {"name": "RS", "url": ""}, {"name": "eLTER", "url": ""}, {"name": "ecosystem functioning", "url": ""}, {"name": "vegetation", "url": ""}, {"name": "plant", "url": ""}, {"name": "https://doi.org/10.23728/b2share.14d0577978064a6e88b4075a092b720c", "url": ""}], "publicationDate": "2024-12-03", "language": "english", "SOReference": {"name": "Gross Primary Production", "url": "https://vocabs.lter-europe.net/so/090"}, "authors": [{"fullName": "Mario Alberto Fruentes-Monjaraz", "givenName": "Alberto", "familyName": "Fuentes-Monjaraz", "type": "ContactPerson", "email": "mario.fuentesmonjaraz@deltares.nl", "ids": [{"id": "https://orcid.org/0000-0002-0711-8867", "schema": "Orcid"}]}, {"fullName": "Anna Spinosa", "givenName": "Anna", "familyName": "Spinosa", "type": "ContactPerson", "email": "anna.spinosa@deltares.nl", "ids": [{"id": "https://orcid.org/0000-0002-7921-5922", "schema": "Orcid"}]}, {"fullName": "Valeria Mobilia", "givenName": "Valeria", "familyName": "Mobilia", "type": "ContactPerson", "email": "valeria.mobilia@deltares.nl", "ids": [{"id": "https://orcid.org/0000-0001-9370-598X", "schema": "Orcid"}]}], "licenses": [{"name": "CC BY 4.0", "url": "https://creativecommons.org/licenses/by/4.0/deed.en"}], "geoLocations": [{"EX_GeographicDescription": "Hyltemossa - Sweden", "Point": {"longitude": 13.417012504788142, "latitude": 56.096375895184465}}, {"EX_GeographicDescription": "Hyltemossa - Sweden", "EX_GeographicBoundingBox": {"westBoundLongitude": 13.408972582995272, "eastBoundLongitude": 13.425052426581011, "southBoundLatitude": 56.09188431876387, "northBoundLatitude": 56.10086747160506}}], "temporalCoverages": [{"startDate": "2018-01-01", "endDate": "2023-12-31"}], "geoServerInfo": {"serviceType": "WMS", "mapData": [{"path": "https://spatialnode.elter.cerit-sc.cz/geoserver/ows?version=1.3.0", "epsgCode": "4326", "type": "POLYGON", "features": {"name": "agame:hyltemossa_gpp_timeseries", "label": "Hyltemossa - Gross Primary Production (2018-2023)", "style": {"colour": "#000000"}}, "bytetype": false}]}, "project": {"name": "AGAME", "PID": "https://www.umweltbundesamt.at/en/services/agame"}, "siteReference": [{"name": "Hyltemossa - Sweden", "PID": "b27549de-1e6f-4f3e-9e22-4d4f3dec61e3"}]}, "files": {"enabled": false}}