{"metadata": {"datasetIds": [{"sourceName": "B2Share", "identifier": "https://doi.org/10.23728/b2share.426cc15f73dc47b98b6b2af9d740ea98", "type": "DOI"}], "titles": [{"language": "eng", "text": "TERENO Eifel Lower Rhine Valley - Phenology POSV (2021)"}], "descriptions": [{"type": "Abstract", "language": "eng", "description": "Vegetation Index value at POSD. The phenology product was generated from Sentinel-2 Level-2A from Normalized Difference Vegetation Index (NDVI) time-series of year 2021."}], "keywords": ["eLTER", {"name": "WCS", "url": ""}, {"name": "GeoTIFF", "url": ""}, {"name": "subvariable: POSV", "url": ""}, {"name": "Phenology", "url": "https://vocabs.lter-europe.net/EnvThes/21647"}, {"name": "https://doi.org/10.23728/b2share.426cc15f73dc47b98b6b2af9d740ea98", "url": ""}], "publicationDate": "2024-12-03", "language": "english", "SOReference": null, "authors": [{"fullName": "Saverio Vicario", "givenName": "Saverio", "familyName": "Vicario", "email": "saverio.vicario@iia.cnr.it", "type": "ContactPerson", "ids": [{"id": "https://orcid.org/0000-0003-1140-0483", "schema": "Orcid"}]}], "licenses": [{"name": "CC BY 4.0", "url": "https://creativecommons.org/licenses/by/4.0/deed.en"}], "geoLocations": [{"EX_GeographicDescription": "TERENO Eifel Lower Rhine Valley - Germany", "Point": {"longitude": 6.331557621004715, "latitude": 50.83372963350706}}, {"EX_GeographicDescription": "TERENO Eifel Lower Rhine Valley - Germany", "EX_GeographicBoundingBox": {"westBoundLongitude": 6.061622371733736, "eastBoundLongitude": 6.6014928702756945, "southBoundLatitude": 50.48046221644177, "northBoundLatitude": 51.186997050572344}}], "temporalCoverages": [{"startDate": "2021-01-01", "endDate": "2021-12-31"}], "geoServerInfo": {"serviceType": "WMS", "mapData": [{"path": "https://spatialnode.elter.cerit-sc.cz/geoserver/ows?version=1.3.0", "epsgCode": "32631", "type": "POLYGON", "features": {"name": "eshape:TERENOEifelLowerRhineValley_Phenology_POSV_2021", "label": "TERENO Eifel Lower Rhine Valley - Phenology POSV (2021)", "style": {"colour": "#000000"}}, "bytetype": false}]}, "project": {"name": "e-shape", "PID": "https://doi.org/10.3030/820852"}, "siteReference": [{"name": "TERENO Eifel Lower Rhine Valley - Germany", "PID": "fd8b85c0-93ef-4a41-8706-3c4be9dec8e5"}]}, "files": {"enabled": false}}