{"metadata": {"datasetIds": [{"sourceName": "B2Share", "identifier": "https://doi.org/10.23728/b2share.c4124d84f54b4d09826236514102003a", "type": "DOI"}], "titles": [{"language": "eng", "text": "Montado - Hydroperiod (2019-2020)"}], "descriptions": [{"type": "Abstract", "language": "eng", "description": "The annual hydroperiod is generated from a series of inundation maps (derived from EO data) by interpolating the inundation status per pixel as follows: if a pixel is inundated at two sequential (selected) dates, then it is assumed inundated for n-days, but n/2 days otherwise. The total number of days of inundation is determined by accumulating the pairwise derived results for all assessed date-pairs within a year."}], "keywords": ["eLTER", {"name": "WCS", "url": ""}, {"name": "GeoTIFF", "url": ""}, {"name": "Hydroperiod", "url": ""}, {"name": "https://doi.org/10.23728/b2share.c4124d84f54b4d09826236514102003a", "url": ""}], "publicationDate": "2024-12-03", "language": "english", "SOReference": null, "authors": [{"fullName": "Ioannis Manakos", "givenName": "Ioannis", "familyName": "Manakos", "email": "imanakos@iti.gr", "type": "ContactPerson", "ids": [{"id": "https://orcid.org/0000-0001-6833-294X", "schema": "Orcid"}]}], "licenses": [{"name": "CC BY 4.0", "url": "https://creativecommons.org/licenses/by/4.0/deed.en"}], "geoLocations": [{"EX_GeographicDescription": "LTsER-Montado - Portugal", "Point": {"longitude": -8.315776346314134, "latitude": 38.310362549206694}}, {"EX_GeographicDescription": "LTsER-Montado - Portugal", "EX_GeographicBoundingBox": {"westBoundLongitude": -8.867130716181377, "eastBoundLongitude": -7.764421976446891, "southBoundLatitude": 37.96573616748369, "northBoundLatitude": 38.6549889309297}}], "temporalCoverages": [{"startDate": "2019-01-01", "endDate": "2020-12-31"}], "geoServerInfo": {"serviceType": "WMS", "mapData": [{"path": "https://spatialnode.elter.cerit-sc.cz/geoserver/ows?version=1.3.0", "epsgCode": "32629", "type": "POLYGON", "features": {"name": "eshape:montado_hydroperiod_2019_2020", "label": "Montado - Hydroperiod (2019-2020)", "style": {"colour": "#000000"}}, "bytetype": false}]}, "project": {"name": "e-shape", "PID": "https://doi.org/10.3030/820852"}, "siteReference": [{"name": "LTsER-Montado - Portugal", "PID": "ecfcc7e2-82e5-4ec1-adee-a3f9f815fc0d"}]}, "files": {"enabled": false}}