{"metadata": {"datasetIds": [{"sourceName": "B2Share", "identifier": "https://doi.org/10.23728/b2share.ebd200fa5dac41dc93a3db74b19087be", "type": "DOI"}], "titles": [{"language": "eng", "text": "Hyytiala - GPP biweekly (2019)"}], "descriptions": [{"type": "Abstract", "language": "eng", "description": "Abstract: 15-day Gross Primary Productivity (GPP) estimated across the forest of Hyyti\u00e4l\u00e4, Finland.\r\n\r\nMethods: The GPP maps are based on an empirical model that integrates and linearly correlate the RS-based vegetation index derived from Sentinel-2 images and in situ measurements of environmental variable with in situ measurements of GPP.\r\n\r\nFor detailed information about the methodology:\r\nSpinosa, Anna, Mario Alberto Fuentes-Monjaraz, and Ghada El Serafy. 2023. \"Assessing the Use of Sentinel-2 Data for Spatio-Temporal Upscaling of Flux Tower Gross Primary Productivity Measurements\" Remote Sensing 15, no. 3: 562. \r\n\r\nTechnicalInfo: 15-day and 30-day maps for 2019, 2020, and 2021."}], "keywords": ["eLTER", {"name": "15-days", "url": ""}, {"name": "WCS", "url": ""}, {"name": "ImageMosaic", "url": ""}, {"name": "variable: GPP", "url": ""}, {"name": "https://doi.org/10.23728/b2share.ebd200fa5dac41dc93a3db74b19087be", "url": ""}], "publicationDate": "2024-12-03", "language": "english", "SOReference": null, "authors": null, "licenses": [{"name": "CC BY 4.0", "url": "https://creativecommons.org/licenses/by/4.0/deed.en"}], "geoLocations": [{"EX_GeographicDescription": "Hyyti\u00e4l\u00e4 SMEAR II LTER - Finland", "Point": {"longitude": 24.294891943248253, "latitude": 61.847210681060815}}, {"EX_GeographicDescription": "Hyyti\u00e4l\u00e4 SMEAR II LTER - Finland", "EX_GeographicBoundingBox": {"westBoundLongitude": 24.200523922651495, "eastBoundLongitude": 24.389259963845006, "southBoundLatitude": 61.80229491685484, "northBoundLatitude": 61.89212644526679}}], "temporalCoverages": [{"startDate": "2019-01-01", "endDate": "2019-12-31"}], "geoServerInfo": {"serviceType": "WMS", "mapData": [{"path": "https://spatialnode.elter.cerit-sc.cz/geoserver/ows?version=1.3.0", "epsgCode": "4326", "type": "POLYGON", "features": {"name": "eshape:hyytiala_gpp_15days", "label": "Hyytiala - GPP biweekly (2019)", "style": {"colour": "#000000"}}, "bytetype": false}]}, "project": {"name": "e-shape", "PID": "https://doi.org/10.3030/820852"}, "siteReference": [{"name": "Hyyti\u00e4l\u00e4 SMEAR II LTER - Finland", "PID": "663dac80-211d-4c19-a356-04ee0da0f0eb"}]}, "files": {"enabled": false}}