{"metadata": {"datasetIds": [{"sourceName": "B2Share", "identifier": "https://doi.org/10.23728/b2share.5ed401dfe7274f268fcfed2aa595df70", "type": "DOI"}], "titles": [{"language": "eng", "text": "Kalkalpen - Snowcover (2019-2020)"}], "descriptions": [{"type": "Abstract", "language": "eng", "description": "Sentinel-2 Snow Cover Extent (SCE) is obtained by applying the methodology reported in https://doi.org/10.3390/rs13101957. The final output consists of 20 m resolution raster masks in GeoTIFF format\r\nwith: 0, No snow; 100, Snow; 205, Cloud; 254, No Data."}], "keywords": ["eLTER", {"name": "WCS", "url": ""}, {"name": "ImageMosaic", "url": ""}, {"name": "snowCover", "url": "https://vocabs.lter-europe.net/EnvThes/21559"}, {"name": "https://doi.org/10.23728/b2share.5ed401dfe7274f268fcfed2aa595df70", "url": ""}], "publicationDate": "2024-12-03", "language": "english", "SOReference": null, "authors": [{"fullName": "Maria Adamo", "givenName": "Maria", "familyName": "Adamo", "type": "ContactPerson", "email": "adamo@iia.cnr.it", "ids": [{"id": "https://orcid.org/0000-0003-3030-4884", "schema": "Orcid"}]}, {"fullName": "Chiara Richiardi", "givenName": "Chiara", "familyName": "Richiardi", "type": "ContactPerson", "email": "chiara.richiardi@iia.cnr.it", "ids": [{"id": "https://orcid.org/0000-0002-2370-7768", "schema": "Orcid"}]}], "licenses": [{"name": "CC BY 4.0", "url": "https://creativecommons.org/licenses/by/4.0/deed.en"}], "geoLocations": [{"EX_GeographicDescription": "Kalkalpen National Park - Austria", "Point": {"longitude": 14.36032971342993, "latitude": 47.763763593788354}}, {"EX_GeographicDescription": "Kalkalpen National Park - Austria", "EX_GeographicBoundingBox": {"westBoundLongitude": 14.164855223503027, "eastBoundLongitude": 14.555804203356832, "southBoundLatitude": 47.67684967450101, "northBoundLatitude": 47.850677513075695}}], "temporalCoverages": [{"startDate": "2019-01-01", "endDate": "2020-12-31"}], "geoServerInfo": {"serviceType": "WMS", "mapData": [{"path": "https://spatialnode.elter.cerit-sc.cz/geoserver/ows?version=1.3.0", "epsgCode": "32633", "type": "POLYGON", "features": {"name": "eshape:kalkalpen_snowcover", "label": "Kalkalpen - Snowcover (2019-2020)", "style": {"colour": "#000000"}}, "bytetype": false}]}, "project": {"name": "e-shape", "PID": "https://doi.org/10.3030/820852"}, "siteReference": [{"name": "Kalkalpen National Park - Austria", "PID": "49515dda-1198-4013-8f43-c33e107af081"}]}, "files": {"enabled": false}}