{"metadata": {"datasetIds": [{"sourceName": "B2Share", "identifier": "https://doi.org/10.23728/b2share.63ff6e748ff34edd8b314805c73b7ffe", "type": "DOI"}], "titles": [{"language": "eng", "text": "Donana - Snowcover (2019-2020)"}], "descriptions": [{"type": "Abstract", "language": "eng", "description": "Sentinel-2 Snow Cover Extent (SCE) is obtained by applying the methodology reported in https://doi.org/10.3390/rs13101957. The final output consists of 20 m resolution raster masks in GeoTIFF format\r\nwith: 0, No snow; 100, Snow; 205, Cloud; 254, No Data."}], "keywords": ["eLTER", {"name": "WCS", "url": ""}, {"name": "ImageMosaic", "url": ""}, {"name": "snowCover", "url": "https://vocabs.lter-europe.net/EnvThes/21559"}, {"name": "https://doi.org/10.23728/b2share.63ff6e748ff34edd8b314805c73b7ffe", "url": ""}], "publicationDate": "2024-12-03", "language": "english", "SOReference": null, "authors": [{"fullName": "Maria Adamo", "givenName": "Maria", "familyName": "Adamo", "type": "ContactPerson", "email": "adamo@iia.cnr.it", "ids": [{"id": "https://orcid.org/0000-0003-3030-4884", "schema": "Orcid"}]}, {"fullName": "Chiara Richiardi", "givenName": "Chiara", "familyName": "Richiardi", "type": "ContactPerson", "email": "chiara.richiardi@iia.cnr.it", "ids": [{"id": "https://orcid.org/0000-0002-2370-7768", "schema": "Orcid"}]}], "licenses": [{"name": "CC BY 4.0", "url": "https://creativecommons.org/licenses/by/4.0/deed.en"}], "geoLocations": [{"EX_GeographicDescription": "Do\u00f1ana Long-Term Socio-ecological Research Platform - Spain", "Point": {"longitude": -6.381495193998374, "latitude": 37.15418098078132}}, {"EX_GeographicDescription": "Do\u00f1ana Long-Term Socio-ecological Research Platform - Spain", "EX_GeographicBoundingBox": {"westBoundLongitude": -6.754676710360151, "eastBoundLongitude": -6.008313677636596, "southBoundLatitude": 36.92063090573294, "northBoundLatitude": 37.387731055829704}}], "temporalCoverages": [{"startDate": "2019-01-01", "endDate": "2020-12-31"}], "geoServerInfo": {"serviceType": "WMS", "mapData": [{"path": "https://spatialnode.elter.cerit-sc.cz/geoserver/ows?version=1.3.0", "epsgCode": "32629", "type": "POLYGON", "features": {"name": "eshape:donana_snowcover", "label": "Donana - Snowcover (2019-2020)", "style": {"colour": "#000000"}}, "bytetype": false}]}, "project": {"name": "e-shape", "PID": "https://doi.org/10.3030/820852"}, "siteReference": [{"name": "Do\u00f1ana Long-Term Socio-ecological Research Platform - Spain", "PID": "bcbc866c-3f4f-47a8-bbbc-0a93df6de7b2"}]}, "files": {"enabled": false}}