{"metadata": {"datasetIds": [{"sourceName": "B2Share", "identifier": "https://doi.org/10.23728/b2share.6754e1d72a75478090a84216c0321d4d", "type": "DOI"}], "titles": [{"language": "eng", "text": "Whim Bog - Snowcover (2019-2020)"}], "descriptions": [{"type": "Abstract", "language": "eng", "description": "Sentinel-2 Snow Cover Extent (SCE) is obtained by applying the methodology reported in https://doi.org/10.3390/rs13101957. The final output consists of 20 m resolution raster masks in GeoTIFF format\r\nwith: 0, No snow; 100, Snow; 205, Cloud; 254, No Data."}], "keywords": ["eLTER", {"name": "WCS", "url": ""}, {"name": "ImageMosaic", "url": ""}, {"name": "snowCover", "url": "https://vocabs.lter-europe.net/EnvThes/21559"}, {"name": "https://doi.org/10.23728/b2share.6754e1d72a75478090a84216c0321d4d", "url": ""}], "publicationDate": "2024-12-03", "language": "english", "SOReference": null, "authors": [{"fullName": "Maria Adamo", "givenName": "Maria", "familyName": "Adamo", "type": "ContactPerson", "email": "adamo@iia.cnr.it", "ids": [{"id": "https://orcid.org/0000-0003-3030-4884", "schema": "Orcid"}]}, {"fullName": "Chiara Richiardi", "givenName": "Chiara", "familyName": "Richiardi", "type": "ContactPerson", "email": "chiara.richiardi@iia.cnr.it", "ids": [{"id": "https://orcid.org/0000-0002-2370-7768", "schema": "Orcid"}]}], "licenses": [{"name": "CC BY 4.0", "url": "https://creativecommons.org/licenses/by/4.0/deed.en"}], "geoLocations": [{"EX_GeographicDescription": "Whim Bog - United Kingdom", "Point": {"longitude": -3.295434620291916, "latitude": 55.75776393845299}}, {"EX_GeographicDescription": "Whim Bog - United Kingdom", "EX_GeographicBoundingBox": {"westBoundLongitude": -3.331532800378538, "eastBoundLongitude": -3.2593364402052942, "southBoundLatitude": 55.746176354002735, "northBoundLatitude": 55.76935152290324}}], "temporalCoverages": [{"startDate": "2019-01-01", "endDate": "2020-12-31"}], "geoServerInfo": {"serviceType": "WMS", "mapData": [{"path": "https://spatialnode.elter.cerit-sc.cz/geoserver/ows?version=1.3.0", "epsgCode": "32630", "type": "POLYGON", "features": {"name": "eshape:burnsmuircairngorms_snowcover", "label": "Whim Bog - Snowcover (2019-2020)", "style": {"colour": "#000000"}}, "bytetype": false}]}, "project": {"name": "e-shape", "PID": "https://doi.org/10.3030/820852"}, "siteReference": [{"name": "Whim Bog - United Kingdom", "PID": "c80eaaac-411f-4e8f-a2c8-5ee7797576db"}]}, "files": {"enabled": false}}