{"metadata": {"datasetIds": [{"sourceName": "B2Share", "identifier": "https://doi.org/10.23728/b2share.9a664abd7ebb4db6b26d9d955147490e", "type": "DOI"}], "titles": [{"language": "eng", "text": "Svartberget - Phenology SOSD (2020)"}], "descriptions": [{"type": "Abstract", "language": "eng", "description": "Start of season date (DOY). The phenology product was generated from Sentinel-2 Level-2A from Normalized Difference Vegetation Index (NDVI) time-series of year 2020. The day of year (DOY) goes from Jan 1st = 1 to Dec 31st = 365 (366 in leap years)."}], "keywords": ["eLTER", {"name": "WCS", "url": ""}, {"name": "GeoTIFF", "url": ""}, {"name": "Phenology", "url": "https://vocabs.lter-europe.net/EnvThes/21647"}, {"name": "subvariable: SOSD", "url": ""}, {"name": "https://doi.org/10.23728/b2share.9a664abd7ebb4db6b26d9d955147490e", "url": ""}], "publicationDate": "2024-12-03", "language": "english", "SOReference": null, "authors": [{"fullName": "Saverio Vicario", "givenName": "Saverio", "familyName": "Vicario", "email": "saverio.vicario@iia.cnr.it", "type": "ContactPerson", "ids": [{"id": "https://orcid.org/0000-0003-1140-0483", "schema": "Orcid"}]}], "licenses": [{"name": "CC BY 4.0", "url": "https://creativecommons.org/licenses/by/4.0/deed.en"}], "geoLocations": [{"EX_GeographicDescription": "Svartberget Research Station - Sweden", "Point": {"longitude": 19.49548956745276, "latitude": 64.22269511757843}}, {"EX_GeographicDescription": "Svartberget Research Station - Sweden", "EX_GeographicBoundingBox": {"westBoundLongitude": 19.07878425949301, "eastBoundLongitude": 19.912194875412514, "southBoundLatitude": 64.04161285004926, "northBoundLatitude": 64.40377738510759}}], "temporalCoverages": [{"startDate": "2020-01-01", "endDate": "2020-12-31"}], "geoServerInfo": {"serviceType": "WMS", "mapData": [{"path": "https://spatialnode.elter.cerit-sc.cz/geoserver/ows?version=1.3.0", "epsgCode": "32634", "type": "POLYGON", "features": {"name": "eshape:SvartbergetResearchStation_Phenology_SOSD_2020", "label": "Svartberget - Phenology SOSD (2020)", "style": {"colour": "#000000"}}, "bytetype": false}]}, "project": {"name": "e-shape", "PID": "https://doi.org/10.3030/820852"}, "siteReference": [{"name": "Svartberget Research Station - Sweden", "PID": "c0705d0f-92c1-4964-a345-38c0be3113e1"}]}, "files": {"enabled": false}}