{"metadata": {"datasetIds": [{"sourceName": "B2Share", "identifier": "https://doi.org/10.23728/b2share.192a897c521b4c6babfc1b9db65163b2", "type": "DOI"}], "titles": [{"language": "eng", "text": "Gran Paradiso - Phenology SOSD (2021)"}], "descriptions": [{"type": "Abstract", "language": "eng", "description": "Start of season date (DOY). The phenology product was generated from Sentinel-2 Level-2A from Normalized Difference Vegetation Index (NDVI) time-series of year 2021. The day of year (DOY) goes from Jan 1st = 1 to Dec 31st = 365 (366 in leap years)."}], "keywords": ["eLTER", {"name": "WCS", "url": ""}, {"name": "GeoTIFF", "url": ""}, {"name": "Phenology", "url": "https://vocabs.lter-europe.net/EnvThes/21647"}, {"name": "subvariable: SOSD", "url": ""}, {"name": "https://doi.org/10.23728/b2share.192a897c521b4c6babfc1b9db65163b2", "url": ""}], "publicationDate": "2024-12-03", "language": "english", "SOReference": null, "authors": [{"fullName": "Saverio Vicario", "givenName": "Saverio", "familyName": "Vicario", "email": "saverio.vicario@iia.cnr.it", "type": "ContactPerson", "ids": [{"id": "https://orcid.org/0000-0003-1140-0483", "schema": "Orcid"}]}], "licenses": [{"name": "CC BY 4.0", "url": "https://creativecommons.org/licenses/by/4.0/deed.en"}], "geoLocations": [{"EX_GeographicDescription": "IT23 - Gran Paradiso National Park - Italy", "Point": {"longitude": 7.3222331809878245, "latitude": 45.54063834024082}}, {"EX_GeographicDescription": "IT23 - Gran Paradiso National Park - Italy", "EX_GeographicBoundingBox": {"westBoundLongitude": 7.059580054062489, "eastBoundLongitude": 7.584886307913161, "southBoundLatitude": 45.39945508991438, "northBoundLatitude": 45.681821590567246}}], "temporalCoverages": [{"startDate": "2021-01-01", "endDate": "2021-12-31"}], "geoServerInfo": {"serviceType": "WMS", "mapData": [{"path": "https://spatialnode.elter.cerit-sc.cz/geoserver/ows?version=1.3.0", "epsgCode": "32632", "type": "POLYGON", "features": {"name": "eshape:GranParadisoNationalPark_Phenology_SOSD_2021", "label": "Gran Paradiso - Phenology SOSD (2021)", "style": {"colour": "#000000"}}, "bytetype": false}]}, "project": {"name": "e-shape", "PID": "https://doi.org/10.3030/820852"}, "siteReference": [{"name": "IT23 - Gran Paradiso National Park - Italy", "PID": "15c3e841-8494-42d2-a44e-c49a0ff25946"}]}, "files": {"enabled": false}}