{"metadata": {"datasetIds": [{"sourceName": "B2Share", "identifier": "https://doi.org/10.23728/b2share.fadbfb30fdd543f4a3af31130d6dc685", "type": "DOI"}], "titles": [{"language": "eng", "text": "Braila - Hydroperiod (2015-2016)"}], "descriptions": [{"type": "Abstract", "language": "eng", "description": "The annual hydroperiod is generated from a series of inundation maps (derived from EO data) by interpolating the inundation status per pixel as follows: if a pixel is inundated at two sequential (selected) dates, then it is assumed inundated for n-days, but n/2 days otherwise. The total number of days of inundation is determined by accumulating the pairwise derived results for all assessed date-pairs within a year."}], "keywords": ["eLTER", {"name": "WCS", "url": ""}, {"name": "GeoTIFF", "url": ""}, {"name": "Hydroperiod", "url": ""}, {"name": "https://doi.org/10.23728/b2share.fadbfb30fdd543f4a3af31130d6dc685", "url": ""}], "publicationDate": "2024-12-03", "language": "english", "SOReference": null, "authors": [{"fullName": "Ioannis Manakos", "givenName": "Ioannis", "familyName": "Manakos", "email": "imanakos@iti.gr", "type": "ContactPerson", "ids": [{"id": "https://orcid.org/0000-0001-6833-294X", "schema": "Orcid"}]}], "licenses": [{"name": "CC BY 4.0", "url": "https://creativecommons.org/licenses/by/4.0/deed.en"}], "geoLocations": [{"EX_GeographicDescription": "Braila Islands - Romania", "Point": {"longitude": 28.020234071375523, "latitude": 44.89202481685051}}, {"EX_GeographicDescription": "Braila Islands - Romania", "EX_GeographicBoundingBox": {"westBoundLongitude": 27.64406575937457, "eastBoundLongitude": 28.396402383376476, "southBoundLatitude": 44.63242108740665, "northBoundLatitude": 45.151628546294376}}], "temporalCoverages": [{"startDate": "2015-01-01", "endDate": "2016-12-31"}], "geoServerInfo": {"serviceType": "WMS", "mapData": [{"path": "https://spatialnode.elter.cerit-sc.cz/geoserver/ows?version=1.3.0", "epsgCode": "32635", "type": "POLYGON", "features": {"name": "eshape:braila_hydroperiod_2015_2016", "label": "Braila - Hydroperiod (2015-2016)", "style": {"colour": "#000000"}}, "bytetype": false}]}, "project": {"name": "e-shape", "PID": "https://doi.org/10.3030/820852"}, "siteReference": [{"name": "Braila Islands - Romania", "PID": "d4854af8-9d9f-42a2-af96-f1ed9cb25712"}]}, "files": {"enabled": false}}