{"metadata": {"datasetIds": [{"sourceName": "B2Share", "identifier": "https://doi.org/10.23728/b2share.df83c69cc955416f9fb847ba86b3141b", "type": "DOI"}], "titles": [{"language": "eng", "text": "TERENO Eifel Lower Rhine Valley - Snowcover (2019-2020)"}], "descriptions": [{"type": "Abstract", "language": "eng", "description": "Sentinel-2 Snow Cover Extent (SCE) is obtained by applying the methodology reported in https://doi.org/10.3390/rs13101957. The final output consists of 20 m resolution raster masks in GeoTIFF format\r\nwith: 0, No snow; 100, Snow; 205, Cloud; 254, No Data."}], "keywords": ["eLTER", {"name": "WCS", "url": ""}, {"name": "ImageMosaic", "url": ""}, {"name": "snowCover", "url": "https://vocabs.lter-europe.net/EnvThes/21559"}, {"name": "https://doi.org/10.23728/b2share.df83c69cc955416f9fb847ba86b3141b", "url": ""}], "publicationDate": "2024-12-03", "language": "english", "SOReference": null, "authors": [{"fullName": "Maria Adamo", "givenName": "Maria", "familyName": "Adamo", "type": "ContactPerson", "email": "adamo@iia.cnr.it", "ids": [{"id": "https://orcid.org/0000-0003-3030-4884", "schema": "Orcid"}]}, {"fullName": "Chiara Richiardi", "givenName": "Chiara", "familyName": "Richiardi", "type": "ContactPerson", "email": "chiara.richiardi@iia.cnr.it", "ids": [{"id": "https://orcid.org/0000-0002-2370-7768", "schema": "Orcid"}]}], "licenses": [{"name": "CC BY 4.0", "url": "https://creativecommons.org/licenses/by/4.0/deed.en"}], "geoLocations": [{"EX_GeographicDescription": "TERENO Eifel Lower Rhine Valley - Germany", "Point": {"longitude": 6.335860820833704, "latitude": 50.833522047785294}}, {"EX_GeographicDescription": "TERENO Eifel Lower Rhine Valley - Germany", "EX_GeographicBoundingBox": {"westBoundLongitude": 6.017702240160814, "eastBoundLongitude": 6.654019401506595, "southBoundLatitude": 50.47896031459051, "northBoundLatitude": 51.18808378098009}}], "temporalCoverages": [{"startDate": "2019-01-01", "endDate": "2020-12-31"}], "geoServerInfo": {"serviceType": "WMS", "mapData": [{"path": "https://spatialnode.elter.cerit-sc.cz/geoserver/ows?version=1.3.0", "epsgCode": "32631", "type": "POLYGON", "features": {"name": "eshape:terenoeifellowerrhinevalley_snowcover", "label": "TERENO Eifel Lower Rhine Valley - Snowcover (2019-2020)", "style": {"colour": "#000000"}}, "bytetype": false}]}, "project": {"name": "e-shape", "PID": "https://doi.org/10.3030/820852"}, "siteReference": [{"name": "TERENO Eifel Lower Rhine Valley - Germany", "PID": "fd8b85c0-93ef-4a41-8706-3c4be9dec8e5"}]}, "files": {"enabled": false}}