{"metadata": {"datasetIds": [{"sourceName": "B2Share", "identifier": "https://doi.org/10.23728/b2share.399c0653601a46488082e0f5edafc0df", "type": "DOI"}], "titles": [{"language": "eng", "text": "TERENO Harz Central German Lowland - Phenology SOSD (2019)"}], "descriptions": [{"type": "Abstract", "language": "eng", "description": "Start of season date (DOY). The phenology product was generated from Sentinel-2 Level-2A from Normalized Difference Vegetation Index (NDVI) time-series of year 2019. The day of year (DOY) goes from Jan 1st = 1 to Dec 31st = 365 (366 in leap years)."}], "keywords": ["eLTER", {"name": "WCS", "url": ""}, {"name": "GeoTIFF", "url": ""}, {"name": "subvariable: SOSD", "url": ""}, {"name": "Phenology", "url": "https://vocabs.lter-europe.net/EnvThes/21647"}, {"name": "https://doi.org/10.23728/b2share.399c0653601a46488082e0f5edafc0df", "url": ""}], "publicationDate": "2024-12-03", "language": "english", "SOReference": null, "authors": [{"fullName": "Saverio Vicario", "givenName": "Saverio", "familyName": "Vicario", "email": "saverio.vicario@iia.cnr.it", "type": "ContactPerson", "ids": [{"id": "https://orcid.org/0000-0003-1140-0483", "schema": "Orcid"}]}], "licenses": [{"name": "CC BY 4.0", "url": "https://creativecommons.org/licenses/by/4.0/deed.en"}], "geoLocations": [{"EX_GeographicDescription": "TERENO Harz/Central German Lowland LTER - Germany", "Point": {"longitude": 11.348102253455384, "latitude": 51.79247713929429}}, {"EX_GeographicDescription": "TERENO Harz/Central German Lowland LTER - Germany", "EX_GeographicBoundingBox": {"westBoundLongitude": 10.76053449847096, "eastBoundLongitude": 11.935670008439807, "southBoundLatitude": 51.32789132299215, "northBoundLatitude": 52.257062955596425}}], "temporalCoverages": [{"startDate": "2019-01-01", "endDate": "2019-12-31"}], "geoServerInfo": {"serviceType": "WMS", "mapData": [{"path": "https://spatialnode.elter.cerit-sc.cz/geoserver/ows?version=1.3.0", "epsgCode": "32632", "type": "POLYGON", "features": {"name": "eshape:TERENOHarzCentralGermanLowlandLTER_Phenology_SOSD_2019", "label": "TERENO Harz Central German Lowland - Phenology SOSD (2019)", "style": {"colour": "#000000"}}, "bytetype": false}]}, "project": {"name": "e-shape", "PID": "https://doi.org/10.3030/820852"}, "siteReference": [{"name": "TERENO Harz/Central German Lowland LTER - Germany", "PID": "d6ce4453-17a8-49d8-9c02-caae8b6629a6"}]}, "files": {"enabled": false}}