{"metadata": {"datasetIds": [{"sourceName": "B2Share", "identifier": "https://doi.org/10.23728/b2share.c7ffe7052f2f4f73bc2f1770e6716d7d", "type": "DOI"}], "titles": [{"language": "eng", "text": "Whim Bog - Phenology POSD (2019)"}], "descriptions": [{"type": "Abstract", "language": "eng", "description": "Peak of season date (DOY). The phenology product was generated from Sentinel-2 Level-2A from Normalized Difference Vegetation Index (NDVI) time-series of year 2019. The day of year (DOY) goes from Jan 1st = 1 to Dec 31st = 365 (366 in leap years)."}], "keywords": ["eLTER", {"name": "WCS", "url": ""}, {"name": "GeoTIFF", "url": ""}, {"name": "Phenology", "url": "https://vocabs.lter-europe.net/EnvThes/21647"}, {"name": "subvariable: POSD", "url": ""}, {"name": "https://doi.org/10.23728/b2share.c7ffe7052f2f4f73bc2f1770e6716d7d", "url": ""}], "publicationDate": "2024-12-03", "language": "english", "SOReference": null, "authors": [{"fullName": "Saverio Vicario", "givenName": "Saverio", "familyName": "Vicario", "email": "saverio.vicario@iia.cnr.it", "type": "ContactPerson", "ids": [{"id": "https://orcid.org/0000-0003-1140-0483", "schema": "Orcid"}]}], "licenses": [{"name": "CC BY 4.0", "url": "https://creativecommons.org/licenses/by/4.0/deed.en"}], "geoLocations": [{"EX_GeographicDescription": "Whim Bog - United Kingdom", "Point": {"longitude": -3.295434880465432, "latitude": 55.75780881754223}}, {"EX_GeographicDescription": "Whim Bog - United Kingdom", "EX_GeographicBoundingBox": {"westBoundLongitude": -3.331691425262766, "eastBoundLongitude": -3.2591783356680977, "southBoundLatitude": 55.74635562775175, "northBoundLatitude": 55.7692620073327}}], "temporalCoverages": [{"startDate": "2019-01-01", "endDate": "2019-12-31"}], "geoServerInfo": {"serviceType": "WMS", "mapData": [{"path": "https://spatialnode.elter.cerit-sc.cz/geoserver/ows?version=1.3.0", "epsgCode": "32630", "type": "POLYGON", "features": {"name": "eshape:BurnsmuirCairngorms_Phenology_POSD_2019", "label": "Whim Bog - Phenology POSD (2019)", "style": {"colour": "#000000"}}, "bytetype": false}]}, "project": {"name": "e-shape", "PID": "https://doi.org/10.3030/820852"}, "siteReference": [{"name": "Whim Bog - United Kingdom", "PID": "c80eaaac-411f-4e8f-a2c8-5ee7797576db"}]}, "files": {"enabled": false}}