{"metadata": {"datasetIds": [{"sourceName": "B2Share", "identifier": "https://doi.org/10.23728/b2share.9752dbeeab904279a422d7fae4b31ae4", "type": "DOI"}], "titles": [{"language": "eng", "text": "Kerkini Lake - Phenology POSD (2021)"}], "descriptions": [{"type": "Abstract", "language": "eng", "description": "Peak of season date (DOY). The phenology product was generated from Sentinel-2 Level-2A from Normalized Difference Vegetation Index (NDVI) time-series of year 2021. The day of year (DOY) goes from Jan 1st = 1 to Dec 31st = 365 (366 in leap years)."}], "keywords": ["eLTER", {"name": "WCS", "url": ""}, {"name": "GeoTIFF", "url": ""}, {"name": "Phenology", "url": "https://vocabs.lter-europe.net/EnvThes/21647"}, {"name": "subvariable: POSD", "url": ""}, {"name": "https://doi.org/10.23728/b2share.9752dbeeab904279a422d7fae4b31ae4", "url": ""}], "publicationDate": "2024-12-03", "language": "english", "SOReference": null, "authors": [{"fullName": "Saverio Vicario", "givenName": "Saverio", "familyName": "Vicario", "email": "saverio.vicario@iia.cnr.it", "type": "ContactPerson", "ids": [{"id": "https://orcid.org/0000-0003-1140-0483", "schema": "Orcid"}]}], "licenses": [{"name": "CC BY 4.0", "url": "https://creativecommons.org/licenses/by/4.0/deed.en"}], "geoLocations": [{"EX_GeographicDescription": "Lake Kerkini National Park - Greece", "Point": {"longitude": 23.15090900599102, "latitude": 41.256529120287766}}, {"EX_GeographicDescription": "Lake Kerkini National Park - Greece", "EX_GeographicBoundingBox": {"westBoundLongitude": 22.864506153245003, "eastBoundLongitude": 23.43731185873704, "southBoundLatitude": 41.10400567439836, "northBoundLatitude": 41.40905256617717}}], "temporalCoverages": [{"startDate": "2021-01-01", "endDate": "2021-12-31"}], "geoServerInfo": {"serviceType": "WMS", "mapData": [{"path": "https://spatialnode.elter.cerit-sc.cz/geoserver/ows?version=1.3.0", "epsgCode": "32634", "type": "POLYGON", "features": {"name": "eshape:LakeKerkiniNationalPark_Phenology_POSD_2021", "label": "Kerkini Lake - Phenology POSD (2021)", "style": {"colour": "#000000"}}, "bytetype": false}]}, "project": {"name": "e-shape", "PID": "https://doi.org/10.3030/820852"}, "siteReference": [{"name": "Lake Kerkini National Park - Greece", "PID": "a3b78a8e-1ac6-4186-bd09-f721de2590f8"}]}, "files": {"enabled": false}}